event_uuid,title,cluster_id,summary,source_score,url,published_at,created_at,summary_embedding
58641099-5521-463d-a6ef-8f1978c414b9,Oil Prices Fall Back Despite OPEC+ Decision To Pause Output Hike,0,"OPEC+ decided to pause output hike, causing oil prices to fall back to their lowest level this year amid concerns about weak global demand and a possible production boost. The market is not as tight as expected due to lack of acceleration in import demand in major regions.",0.5,https://oilprice.com/Energy/Crude-Oil/Oil-Prices-Fall-Back-Despite-OPEC-Decision-To-Pause-Output-Hike.html,"Sep 05, 2024 at 19:05",,"[7.255860328674316, 0.2807775139808655, 1.4653006792068481, -2.5905954837799072, 4.787037372589111, -2.7860071659088135, -1.4447095394134521, 2.9677491188049316, -2.2566535472869873, 2.4771595001220703, 0.9354019165039062, 0.36356881260871887, -0.6782817840576172, 1.2796554565429688, -0.24618959426879883, 1.2598958015441895, -4.76658821105957, -1.806531310081482, -0.35258254408836365, -2.121607780456543, -2.081191301345825, -0.19319285452365875, 1.4674065113067627, 2.183967113494873, 5.525882720947266, 1.2051328420639038, -2.931680917739868, 2.223025321960449, 0.06100901961326599, -0.7349926233291626, -0.9432185292243958, -0.19626560807228088, -1.0913383960723877, -1.9562501907348633, 1.686702847480774, -1.5991041660308838, 1.9577791690826416, -1.0952669382095337, 2.3446145057678223, 0.3281669020652771, -0.8814513683319092, -0.2068023532629013, -0.25712621212005615, 0.5060240030288696, 0.10358820855617523, 1.8223979473114014, -0.828923225402832, 1.0406354665756226, 1.225055456161499, 1.1140371561050415, -0.7147992253303528, 1.0108309984207153, -2.289780378341675, 0.6771641373634338, -0.07785329222679138, 1.3371450901031494, 0.953585684299469, -0.7029584646224976, -0.24231180548667908, 1.1277565956115723, 1.2807962894439697, 0.6675639152526855, -1.2662111520767212, 0.9083326458930969]"
7364d1c4-f35c-4ef2-a91f-7e0d7567ccf1,What To Expect From Monday’s OPEC+ Meeting,0,"OPEC+는 월요일의 회의에서 생산 정책을 변경하지 않을 것으로 예상되며, 유가는 안정세를 유지하고 있으나 일부 회원국은 생산 증가 목표를 달성하지 못하고 있다.",0.3,https://oilprice.com/Energy/Crude-Oil/What-To-Expect-From-Mondays-OPEC-Meeting.html,"Jul 25, 2025 at 09:26",,"[16.883769989013672, -1.1736125946044922, -0.5585497617721558, 2.840588092803955, 2.7530953884124756, -0.41142573952674866, -0.6023073792457581, -1.271687388420105, -0.957988977432251, 0.0886370837688446, -0.10627031326293945, 0.5379520654678345, 0.5710887908935547, -0.12261909246444702, -0.41584548354148865, 0.7248799800872803, -0.4927173852920532, -0.06643331795930862, -0.27649804949760437, -0.02102866768836975, -0.516359806060791, 0.33737897872924805, 0.06958700716495514, -0.42483359575271606, -0.2821456789970398, 0.5594901442527771, -0.09455937147140503, 0.017126884311437607, -0.6065192222595215, 0.42452335357666016, -0.3367556631565094, 0.14949703216552734, -0.3892078995704651, 0.19371013343334198, 0.03713423013687134, 0.11807698011398315, 0.058316975831985474, 0.3188928961753845, -0.06863166391849518, -0.4608713686466217, -0.052648626267910004, -0.15001177787780762, -0.03689688444137573, -0.01240241527557373, 0.31338271498680115, -0.16182149946689606, -0.06559467315673828, 0.03341279551386833, 0.06359589099884033, -0.20022615790367126, -0.16883818805217743, 0.11206689476966858, 0.2661890685558319, 0.2099282145500183, -0.23669970035552979, -0.05708549916744232, 0.1650085151195526, 0.16994573175907135, -0.13698917627334595, 0.14883774518966675, -0.030602887272834778, -0.13309262692928314, -0.1853589117527008, -0.1050860732793808]"
b0bf0b2f-0961-463b-bd62-ee4473915935,Deeply Discounted Crude Becomes Headache For OPEC,0,OPEC faces challenges as deeply discounted crude from Iran and price hikes by Saudi Arabia impact global oil markets.,0.3,https://oilprice.com/Energy/Crude-Oil/Deeply-Discounted-Crude-Becomes-Headache-For-OPEC.html,"Apr 19, 2021 at 17:41",,"[9.09320068359375, 0.7328647375106812, 3.7803962230682373, -2.0179600715637207, 7.661062717437744, -0.6185388565063477, -0.01682312786579132, 3.6335339546203613, -0.9552114009857178, 3.397733688354492, 1.4174647331237793, 0.4467516541481018, -1.415242314338684, 1.0290000438690186, 0.08571457862854004, 0.8533685207366943, -3.223641872406006, -1.9887242317199707, 0.3474218547344208, -0.6567177772521973, -3.002425193786621, -0.6228688955307007, 2.139051914215088, 2.7382915019989014, 3.7209815979003906, 1.1814900636672974, -1.9427636861801147, 1.6981709003448486, 0.6744861006736755, -0.2118673026561737, -1.1248905658721924, -0.8281697630882263, -0.3654567003250122, -1.2301905155181885, 2.1160428524017334, -0.7679488062858582, -0.5159661769866943, -0.5563850402832031, 0.9858599305152893, 0.2999861538410187, -0.7263764142990112, -0.6704674363136292, 0.17293056845664978, -0.16980019211769104, -0.02925615757703781, 1.0697064399719238, -0.9460363984107971, 1.4800529479980469, -0.18821536004543304, 0.09484787285327911, -0.15529517829418182, -0.20410141348838806, -2.4662256240844727, 1.1339584589004517, -0.17108827829360962, 0.5764236450195312, 0.15756937861442566, 0.2010614275932312, -0.6297719478607178, 0.4959498643875122, 0.787761926651001, 0.28047049045562744, -0.7009934186935425, 0.050440847873687744]"
84ca5850-81df-454e-aea1-80a47ad99d04,The 3 OPEC Countries Considering Deeper Output Cuts,0,"사우디 아라비아, 아랍 이스라엘 연합, 쿠웨이트가 코로나19로 인한 수요 감소에 대응하기 위해 30만 배럴의 석유 생산 감축을 검토 중",0.3,https://oilprice.com/Energy/Crude-Oil/The-3-OPEC-Countries-Considering-Deeper-Output-Cuts.html,"Feb 21, 2020 at 10:44",,"[17.003442764282227, 3.09067964553833, -0.28216055035591125, -0.8065632581710815, 0.018452197313308716, 1.698364496231079, 0.0001819133758544922, -0.10798291862010956, -0.03177103400230408, -1.2066274881362915, -0.2527068257331848, -0.05193871259689331, 0.2552682161331177, 0.6572556495666504, 0.6351915001869202, -0.48416441679000854, -0.2694450914859772, -0.40609943866729736, 0.18130464851856232, -0.30609679222106934, -0.21410810947418213, -0.2698957026004791, 0.39743614196777344, 0.10093313455581665, -0.1670875996351242, -0.38281285762786865, -0.041262686252593994, 0.3479918837547302, 0.25044968724250793, -0.0045052170753479, -0.09937752783298492, -0.3791387379169464, 0.32870492339134216, -0.3207022547721863, 0.009220674633979797, -0.16790512204170227, 0.6803064942359924, 0.06445176899433136, 0.170523539185524, 0.013790003955364227, 0.7358289361000061, -0.2932637929916382, 0.18272989988327026, 0.07803893089294434, 0.04575987905263901, 0.1765667349100113, -0.1936868280172348, 0.028195645660161972, 0.19494742155075073, -0.17173075675964355, 0.018628709018230438, 0.303460955619812, 0.22145676612854004, 0.2760658264160156, 0.06298249959945679, -0.20329387485980988, -0.17694717645645142, 0.12911030650138855, 0.18002328276634216, 0.1074083000421524, 0.11098156869411469, 0.07658125460147858, 0.25841110944747925, 0.042544007301330566]"
0cf026a8-84aa-4429-b140-44989e5f407f,The Slow Demise of Russian Oil Production,0,"러시아 석유 생산의 느린 하락, 미국의 쉐일 기술 발전으로 인한 영향",0.2,https://oilprice.com/Energy/Crude-Oil/The-Slow-Demise-of-Russian-Oil-Production.html,"Sep 29, 2025 at 09:59",,"[16.725017547607422, 1.095129370689392, -2.9223315715789795, 0.7040837407112122, 0.9643446207046509, 1.488313913345337, 1.4703401327133179, 0.3996938467025757, 0.6962915658950806, -0.7775939702987671, 0.9773604869842529, 0.6746151447296143, 0.08937853574752808, 0.2947990298271179, 0.5184224843978882, -0.9370169639587402, -0.4440099000930786, -0.11689816415309906, 0.35499000549316406, -0.02403053641319275, 0.38825851678848267, -0.5869084596633911, -0.07854418456554413, 0.6137135028839111, -0.21776685118675232, 0.10563106089830399, -0.42702245712280273, -0.44135770201683044, -0.39620542526245117, -0.04784613847732544, 0.06632493436336517, -0.9689139723777771, -0.7995007038116455, 0.053851038217544556, 0.07847673445940018, -0.17787164449691772, -0.032062456011772156, 0.7342861890792847, -0.04683196544647217, -0.2686424255371094, -0.7328243851661682, 0.27652180194854736, 0.1187812089920044, 0.49030107259750366, -0.5420819520950317, 0.08845862746238708, -0.13599291443824768, 0.4753323793411255, -0.2395344376564026, 0.06407301127910614, 0.11045390367507935, 0.18114984035491943, 0.009518571197986603, -0.29838812351226807, -0.09199625253677368, -0.36899334192276, 0.01641899347305298, 0.2052655816078186, 0.1499660313129425, 0.05038190633058548, 0.2108001708984375, -0.11736573278903961, -0.08182159066200256, -0.06075340509414673]"
2d470e5b-ac47-4257-a2dc-f76aa36c2ef0,OPEC Crude Oil Exports Trend Lower In September,1,"9월 초부터 25일까지 OPEC 모든 국가의 원유 수출이 8월 전체 대비 감소했으며, 이란의 원유 수출은 특히 700,000 bpd 이상 감소했다.",-0.6,https://oilprice.com/Energy/Crude-Oil/OPEC-Crude-Oil-Exports-Trend-Lower-In-September.html,"Sep 28, 2022 at 09:14",,"[15.607824325561523, -2.1858255863189697, -0.9735705256462097, 0.6110315322875977, 3.946800708770752, -1.7008492946624756, -0.953807532787323, 2.5838372707366943, 2.290687084197998, -1.259648084640503, 1.882043719291687, -1.326714277267456, -2.290102481842041, 1.2339797019958496, -0.48993125557899475, -0.49648410081863403, 0.17227476835250854, 1.4983773231506348, 0.49551862478256226, -1.9126052856445312, 0.880728006362915, -0.6235034465789795, -0.13373082876205444, -0.8782604932785034, -0.13670086860656738, 0.4154517650604248, 0.7787138223648071, -1.143916368484497, 0.9998821020126343, 0.8195264339447021, 0.3975900113582611, -0.36463379859924316, 0.19293716549873352, 0.3983588218688965, -0.002256743609905243, -0.9347847700119019, 0.008456364274024963, -0.30458351969718933, -0.05672144144773483, -0.0855712741613388, 0.8925764560699463, -0.008005127310752869, 0.2607003450393677, -0.07639974355697632, -0.4076767563819885, 0.17588138580322266, 0.03783442825078964, -0.19587242603302002, 0.34179452061653137, 0.07051289081573486, 0.20888465642929077, 0.6401880383491516, -0.04157856106758118, 0.24306511878967285, 0.10571515560150146, -0.059455856680870056, 0.27641934156417847, 0.0625847578048706, -0.06707996129989624, 0.013884559273719788, -0.3429992198944092, 0.5329186916351318, 0.3637790083885193, -0.10631903260946274]"
e80709a9-9c61-4698-95c8-a9ec5fca9ebc,"OPEC Slashes 2022 Oil Demand Growth Forecast By 480,000 Bpd",1,"OPEC은 2022년 석유 수요 성장 전망을 480,000 bpd 낮추었으며, 이는 러시아의 우크라이나 침공과 중국의 코로나 재확산으로 인한 글로벌 경제 성장 전망 하락에 기인함.",-0.6,https://oilprice.com/Energy/Crude-Oil/OPEC-Slashes-2022-Oil-Demand-Growth-Forecast-By-480000-Bpd.html,"Apr 12, 2022 at 11:01",,"[16.83786392211914, -1.2261598110198975, 1.0155205726623535, 0.20035314559936523, 1.0846998691558838, -0.6167957186698914, -1.1338121891021729, 2.4588608741760254, 1.7403733730316162, -1.3642350435256958, 0.48016977310180664, -0.8481159210205078, -0.1696956306695938, 0.3953021466732025, 0.3623245358467102, -0.6850742697715759, 0.00368499755859375, 0.9447027444839478, -0.715280294418335, -1.5229204893112183, 0.8877103328704834, -0.035498350858688354, -0.12577253580093384, -0.6777593493461609, 0.24745818972587585, 0.2283037155866623, 0.40768522024154663, 0.25082674622535706, -0.01326422393321991, 1.0477350950241089, -0.15811023116111755, 0.3341984748840332, -0.06278198957443237, 0.017801977694034576, 0.06648135185241699, 0.140803724527359, 0.2690578103065491, -0.3711618483066559, 0.47873443365097046, 0.036956463009119034, 0.5653215646743774, -0.3827773332595825, 0.06913012266159058, 0.21527749300003052, -0.3712637424468994, 0.628033459186554, 0.059232890605926514, 0.039196573197841644, -0.32788610458374023, 0.05221129208803177, 0.047832053154706955, -0.11668290197849274, -0.12201940268278122, 0.039083123207092285, -0.386390745639801, 0.10067231208086014, 0.0719868540763855, 0.24098458886146545, 0.42867785692214966, -0.26811933517456055, -0.05818769335746765, 0.03168164938688278, 0.3622865676879883, 0.15481075644493103]"
62adcaca-8728-470e-939b-f23c7fd64312,"OPEC Aims For 600,000 Bpd Cut, But Russia Remains Reluctant",1,"OPEC+는 추가 600,000 bpd의 감산을 권고했지만 러시아는 아직 감산에 동의하지 않았다. 러시아는 현재 감산 연장에 반대하지 않지만 추가 감산에는 반대하는 것으로 나타났다.",-0.6,https://oilprice.com/Energy/Crude-Oil/OPEC-Aims-For-600000-Bpd-Cut-But-Russia-Remains-Reluctant.html,"Feb 06, 2020 at 09:21",,"[16.431079864501953, 0.09070906043052673, 1.7406190633773804, 0.6241695284843445, 2.891296863555908, -2.283339262008667, -2.589855432510376, 1.1570796966552734, 0.370379775762558, -0.22332897782325745, -0.7379175424575806, 0.4596687853336334, -0.4591079652309418, 1.6035715341567993, 0.7144778966903687, -0.5721747875213623, 0.0273248553276062, 0.13877925276756287, 0.5570594072341919, -1.180813193321228, 0.9624462127685547, 0.017336547374725342, 0.27981069684028625, -0.5565729737281799, 0.07886198163032532, -0.563031792640686, -0.012431427836418152, 0.7596806883811951, -0.04368862509727478, 0.8083759546279907, -0.7899375557899475, 0.45660775899887085, -0.6971225142478943, -0.2512173652648926, 0.007857374846935272, -0.28228795528411865, -0.15856175124645233, 0.8232258558273315, -0.8158879280090332, 0.1967467963695526, -0.2831833064556122, -0.43208256363868713, 0.1492183804512024, 0.5406721830368042, 0.09140674024820328, 0.5108674764633179, 0.06683903932571411, 0.48199111223220825, 0.27116748690605164, -0.7333341240882874, -0.28072455525398254, -0.11566293239593506, 0.19606302678585052, 0.08587393164634705, 0.13022011518478394, 0.15968583524227142, 0.3722952604293823, 0.3948163390159607, 0.09161671996116638, -0.7857247591018677, 0.361694872379303, 0.32073697447776794, 0.3390730321407318, 0.23120109736919403]"
cb90da67-c724-4b37-8e41-ce569b4919e5,IEA Pours Cold Water Over OPEC+ Optimism,1,"IEA는 OPEC+의 추가 감산에도 불구하고 2020년 초반에는 글로벌 석유 공급이 소비량을 약 700,000 bpd 초과할 것으로 예상했다.",-0.6,https://oilprice.com/Energy/Crude-Oil/IEA-Pours-Cold-Water-Over-OPEC-Optimism.html,"Dec 12, 2019 at 09:07",,"[15.83266830444336, -1.7971484661102295, 0.8305944204330444, -0.3463594913482666, 3.5196800231933594, -4.24350118637085, -1.2184619903564453, 1.2583942413330078, 2.2086145877838135, -1.4615507125854492, 1.0591933727264404, 0.06011410802602768, -1.7106733322143555, 1.1244477033615112, 0.44521620869636536, -0.4583728611469269, -0.4234405755996704, 0.3388066589832306, 0.22190728783607483, -0.9084431529045105, 1.3009727001190186, 0.30235350131988525, -0.5127714276313782, -0.8693355917930603, -0.6727378368377686, 0.29024380445480347, -0.23395466804504395, -0.5035686492919922, 0.08963164687156677, 0.6789735555648804, -0.7846201062202454, -0.15405866503715515, -0.1166052296757698, 0.4193313717842102, -0.123983234167099, -0.3475239872932434, 0.10152533650398254, 0.580706775188446, -0.4677998125553131, 0.40069013833999634, -0.3531899154186249, -0.10316511988639832, 0.7683557868003845, 0.01772075891494751, -0.3154641389846802, 0.05009599030017853, 0.15979337692260742, 0.5873901844024658, -0.16287870705127716, -0.02600301057100296, -0.18896669149398804, 0.38529258966445923, 0.06421326100826263, 0.4136619567871094, -0.4416232109069824, 0.31008368730545044, 0.24097836017608643, -0.43942052125930786, 0.04789014160633087, -0.5143448710441589, -0.7649415135383606, -0.03884437680244446, -0.17334605753421783, -0.35354772210121155]"
807f88f4-6c52-494d-af8a-ca2f9b8add21,"Major Gasoline, Distillate Build Caps Oil Price Gains",1,미국의 Energy Information Administration이 발표한 보고서에 따르면 가솔린 및 디스틸레이트 재고량이 상당히 늘어나면서 국제 Brent유 가격 상승을 제한했다.,-0.6,https://oilprice.com/Energy/Crude-Oil/Oil-Rally-Slows-Down-On-Major-Gasoline-Distillate-Build.html,"Jan 04, 2019 at 10:19",,"[14.638676643371582, -1.450793981552124, -1.7413139343261719, 2.191567897796631, -1.0951184034347534, -4.849666595458984, -2.374547243118286, -1.0096944570541382, 0.7792270183563232, -0.14590021967887878, 2.111865520477295, -0.3525601029396057, 1.4964507818222046, -0.81772780418396, 1.0184602737426758, -1.734739065170288, 0.9617475867271423, 0.8548086881637573, 0.13954146206378937, 0.43010419607162476, -0.38863763213157654, 0.20682194828987122, -0.13070185482501984, -1.335024356842041, -0.3657931089401245, -0.3956557512283325, 2.3450703620910645, 0.38653698563575745, -0.7206808924674988, -0.827172040939331, 0.7063471078872681, -0.9168509244918823, 0.7167810201644897, -0.48151448369026184, 0.8940505981445312, 1.0829895734786987, 0.7209415435791016, -0.024070799350738525, 0.28675657510757446, 1.1555310487747192, -0.508106529712677, -0.04746776819229126, 1.2323153018951416, -0.9515557289123535, -0.16492462158203125, 0.19571025669574738, 0.013345032930374146, 0.5276956558227539, -0.20511791110038757, -0.4110824763774872, 0.4455459713935852, -0.24723950028419495, 0.07359910011291504, 1.271627426147461, 0.5068855285644531, -0.20361573994159698, 0.3173038363456726, 0.26449519395828247, -0.7042927742004395, 0.28336578607559204, -0.16261795163154602, -0.7095977067947388, -0.1923414170742035, 0.1582968682050705]"
0de4901a-43e6-4001-a343-1990387e3f66,It’s Time To Ride The Oil Stock Wave,2,미래에 대한 긍정적 전망과 함께 원유 주식 투자의 중요성 강조,0.9,https://oilprice.com/Energy/Crude-Oil/Its-Time-To-Ride-The-Oil-Stock-Wave.html,"Nov 03, 2017 at 16:52",,"[15.974152565002441, 2.551572322845459, 2.006575345993042, -4.903311729431152, 2.274761199951172, 1.2609463930130005, 1.187955617904663, 0.4549708962440491, 0.5734146237373352, 0.30344685912132263, 0.8836588859558105, -1.445594072341919, 0.4505976438522339, 0.9028428196907043, 0.8583471179008484, -0.3244055211544037, -0.30836060643196106, 0.6758036017417908, -0.6498279571533203, -0.03079095482826233, 0.0780632495880127, 0.33696526288986206, -0.2535316050052643, -0.7986920475959778, -0.764109194278717, -0.3915627598762512, -0.1416238397359848, 0.4152980446815491, 0.1613886058330536, 0.07181960344314575, 0.10650001466274261, 0.12041205167770386, 0.6082928776741028, -0.29335176944732666, 0.5553227066993713, -0.0905294120311737, -0.13840298354625702, -0.11817734688520432, -0.4357059597969055, -0.43999648094177246, 0.16558882594108582, -0.6803866624832153, -0.14890599250793457, -0.19496113061904907, 0.12998981773853302, 0.31662145256996155, -0.7227902412414551, -0.25197309255599976, -0.10866042971611023, 0.04836064577102661, -0.10704784095287323, -0.18163323402404785, -0.20793099701404572, 0.37074288725852966, 0.0384906530380249, 0.4569844603538513, -0.2873266935348511, 0.09948216378688812, 0.28283095359802246, 0.3417486846446991, 0.13168954849243164, 0.2305951863527298, 0.2639930844306946, 0.42630255222320557]"
1ce69f47-0543-4098-916f-07032dc18f69,Russian Oil Ban Creates Profit Opportunities For Traders In Singapore,2,"러시아의 유량 금지로 싱가포르 트레이더들에 이익 기회 제공, 싱가포르에서 저렴한 유량이 혼합되어 세계적으로 재수출되며 거대한 이익을 창출",0.8,https://oilprice.com/Energy/Crude-Oil/Russian-Oil-Ban-Creates-Profit-Opportunities-For-Traders-In-Singapore.html,"Jan 20, 2023 at 09:44",,"[16.81931495666504, 3.56284236907959, -0.9473245143890381, -1.036455750465393, 1.5948231220245361, -0.01768624782562256, 0.03277631103992462, -1.556464672088623, -0.387281596660614, 0.15708547830581665, 0.5202186703681946, 1.0043139457702637, -0.4743233621120453, 1.1267619132995605, -0.33324113488197327, -0.06864146888256073, 0.10967957973480225, 0.07845373451709747, 0.23877066373825073, 0.14098131656646729, 0.535576581954956, -0.13344766199588776, -0.34696847200393677, -0.15952268242835999, 0.1563141644001007, 0.04672691226005554, 0.3361373841762543, 0.0757487565279007, 0.1752128154039383, -0.1285400092601776, 0.539374828338623, 0.036310791969299316, -0.09616079181432724, -0.23123127222061157, 0.0486077219247818, 0.041845887899398804, 0.07282513380050659, 0.18549610674381256, 0.3519268035888672, 0.21840322017669678, -0.0020947158336639404, 0.20836490392684937, 0.21911627054214478, -0.1600056290626526, -0.18908438086509705, -0.5608365535736084, -0.20909199118614197, 0.9177404642105103, 0.05535586178302765, 0.26058802008628845, -0.25026488304138184, 0.07744519412517548, -0.10024367272853851, -0.13836437463760376, -0.1753596067428589, -0.30649828910827637, 0.3156225383281708, 0.2010425627231598, 0.05522143840789795, -0.08023865520954132, -0.03774648532271385, -0.1358998715877533, 0.12554633617401123, -0.15901944041252136]"
c0aff5d1-b3d2-469d-b64a-fb14cfd6dff7,What’s In Store For Oilfield Service Companies In 2023?,2,2023년에 대해 기름 시장에서 일어날 변화와 기업들의 성과에 대한 전망을 분석한 기사,0.8,https://oilprice.com/Energy/Crude-Oil/Whats-In-Store-For-Oilfield-Service-Companies-In-2023.html,"Dec 14, 2022 at 17:11",,"[16.559345245361328, 2.249501943588257, 1.1334095001220703, -3.612072467803955, 1.5304455757141113, -0.03617560863494873, -0.3615763783454895, 0.7351555824279785, -0.5027654767036438, 0.5105502605438232, 0.9170354008674622, 1.135046362876892, 0.8353815674781799, -0.6112985610961914, -0.2822832763195038, 0.3283461332321167, -0.6281429529190063, 0.5441814661026001, 1.050563931465149, -0.05844062566757202, 0.6140305995941162, -0.02446967363357544, 0.050856731832027435, -0.31789320707321167, -0.8573171496391296, -0.19412846863269806, 0.32924115657806396, 0.7029080390930176, -0.1903931200504303, -0.027731776237487793, 0.4132688343524933, 0.6934528946876526, 0.4685906767845154, 0.4214119017124176, 0.05356651544570923, 0.9392294883728027, -0.4163307547569275, -0.34691953659057617, -0.44820088148117065, 0.41288214921951294, -0.3024320602416992, -0.07091856002807617, 0.028423160314559937, 0.20917415618896484, -0.11040498316287994, 0.7079098224639893, -0.12184405326843262, -0.23800843954086304, -0.7362427711486816, 0.5646106004714966, -0.01233413815498352, -0.030449867248535156, -0.3948989808559418, 0.07398311793804169, 0.5158284902572632, -0.3098801374435425, -0.07316076755523682, -0.11401095986366272, 0.2460039258003235, -0.4358444809913635, 0.291282057762146, 0.09733330458402634, 0.09241917729377747, 0.7229005098342896]"
299391cd-40ec-41cd-9e82-3728a7a4c2f8,U.S. Refiners Are Making A Comeback,2,미국 석유 정제업체들이 수요 회복과 가격 하락으로 이익을 창출하며 경기가 회복되고 있는 상황,0.8,https://oilprice.com/Energy/Crude-Oil/US-Refiners-Are-Making-A-Comeback.html,"Aug 19, 2021 at 10:25",,"[16.17691421508789, 4.32552433013916, 2.472043752670288, -2.900589942932129, 1.924835205078125, 0.3572482764720917, 1.3053271770477295, -0.9205857515335083, 0.43625661730766296, -0.31760430335998535, 0.5307310819625854, -0.5356669425964355, 0.5545548796653748, 1.0420838594436646, -0.203117236495018, 0.04295030236244202, 0.6743485927581787, 0.0024371296167373657, -0.10808070003986359, -0.5104016661643982, 0.8128980398178101, 0.44979867339134216, -0.6363071203231812, -0.11127999424934387, -0.06909827888011932, -0.28197169303894043, 0.054663702845573425, 0.7623327970504761, -0.08762547373771667, -0.021586954593658447, 0.010569185018539429, -0.02855592966079712, 0.2871819734573364, -0.5394206047058105, -0.1701533943414688, 0.05661046504974365, 0.5898145437240601, 0.4072414040565491, 0.27265316247940063, -0.16265949606895447, 0.2565743923187256, -0.42375946044921875, 0.45871755480766296, 0.3077690005302429, 0.5011436343193054, -0.4161969721317291, 0.07920896261930466, -0.2431686371564865, 0.097503162920475, 0.05526264011859894, -0.1517089456319809, -0.08371414244174957, 0.1550225168466568, 0.16636954247951508, 0.023802101612091064, -0.10649240761995316, -0.24867737293243408, 0.30249643325805664, 0.5555368065834045, 0.533208429813385, -0.10466297715902328, 0.21210414171218872, -0.22045108675956726, -0.158976212143898]"
5b722da7-e67f-477d-b5d9-f29617e71089,Is This The Most Exciting Oil Play Of The Last 20 Years?,2,"나미비아의 Recon Africa가 자체 Kavango 분지에서 120억 배럴의 석유 발견, 주식 급등 및 ESG에 투자",0.8,https://oilprice.com/Energy/Crude-Oil/Is-This-The-Most-Exciting-Oil-Play-Of-The-Last-20-Years.html,"Jun 10, 2021 at 16:20",,"[15.890250205993652, 2.4123611450195312, 0.17644836008548737, -3.073310613632202, 2.185882568359375, 0.2463412880897522, -0.7986566424369812, 0.9380954504013062, -1.6683032512664795, -0.47373083233833313, -1.1472039222717285, -0.9898014068603516, 0.839480996131897, 0.14935731887817383, -0.20635239779949188, -0.4556080996990204, -0.2998840808868408, 2.373002052307129, 0.12519867718219757, 0.22903910279273987, -0.22573861479759216, 0.011792674660682678, 0.3329348564147949, 0.9177464246749878, 0.3952285647392273, -1.0215914249420166, 0.4681106507778168, 0.3584556579589844, -0.0132365170866251, 0.5573591589927673, -0.2969205677509308, -0.46992239356040955, -0.19414003193378448, 0.04599954932928085, -0.31882792711257935, -0.110309898853302, 0.0830484926700592, 0.0882602110505104, 0.28556057810783386, 0.47943931818008423, -0.3300163745880127, -0.8113874197006226, -1.149341344833374, -0.8441489338874817, -0.22732415795326233, 0.9186773896217346, -0.07255426049232483, -0.03221791982650757, 0.09697660803794861, 0.5364923477172852, 0.36501458287239075, -0.20292404294013977, -0.47984981536865234, -0.6782850623130798, 0.00820249319076538, 0.007917702198028564, 0.3360569179058075, -0.14029115438461304, -0.022540271282196045, 0.5388541221618652, 0.30988210439682007, 0.09619803726673126, -0.2076600342988968, -0.7110152244567871]"
d0dc3dce-09f7-4fa9-af76-56fd87f72cd5,Oil Tanker Stocks To Watch As Shipping Rates Soar,3,"러시아의 우크라이나 침공으로 인한 에너지 및 상품 공급망 붕괴로 인해 선박 운송료가 급등하며, 유가 탱커 주식 시장은 널리 시장을 능가하고 있음.",0.8,https://oilprice.com/Energy/Crude-Oil/Oil-Tanker-Stocks-To-Watch-As-Shipping-Rates-Soar.html,"Jun 06, 2022 at 10:16",,"[17.422191619873047, -1.3170499801635742, 0.8488218784332275, -0.44126608967781067, -1.557348608970642, -0.013726294040679932, 0.4142024517059326, 0.19744254648685455, 0.5637865662574768, -0.13269570469856262, -0.30145519971847534, 0.5974458456039429, -0.2089986652135849, -0.30881989002227783, 0.040595218539237976, 0.2027910351753235, 0.01992359757423401, 0.6832354068756104, 0.18770678341388702, 0.3511691987514496, 0.18877050280570984, 0.15822359919548035, -0.38490667939186096, -0.24239754676818848, 0.23866912722587585, -0.05701999366283417, 0.045840784907341, 0.1049252450466156, -0.21628697216510773, 0.16892382502555847, -0.04440271854400635, -0.07285714149475098, -0.5376044511795044, -0.06528805196285248, -0.3056395649909973, 0.06156232953071594, 0.11994487047195435, -0.2133752405643463, 0.5200051069259644, -0.3422221839427948, 0.20225991308689117, 0.06086398661136627, 0.10769841074943542, 0.24874919652938843, 0.11053811013698578, 0.3810425400733948, -0.15694782137870789, 0.21241968870162964, 0.06582385301589966, 0.3191203474998474, 0.022278454154729843, -0.45908552408218384, 0.2637344002723694, -0.34097087383270264, 0.0274161696434021, 0.07696747779846191, 0.08730411529541016, 0.08890056610107422, -0.10779508948326111, 0.020124509930610657, 0.13456913828849792, -0.05015424266457558, -0.03008119761943817, 0.012355044484138489]"
8fa6b4af-8e15-4e6c-9301-b11f56836524,Russia’s SWIFT Ban Could Send Shockwaves Through Oil And Commodity Markets,3,"러시아의 SWIFT 금지 조치가 석유 및 상품 시장에 충격을 일으킬 수 있음. 서방 국가들이 러시아에 대한 새로운 제재를 시행하고, 독일을 포함한 서양 동맹국이 SWIFT 결제 시스템에서 중요한 러시아 은행을 제외하기로 합의함.",0.8,https://oilprice.com/Energy/Crude-Oil/Russias-SWIFT-Ban-Could-Send-Shockwaves-Through-Oil-And-Commodity-Markets.html,"Feb 28, 2022 at 16:59",,"[17.393972396850586, 0.013639982789754868, 2.5625860691070557, -0.357115775346756, -0.9901127219200134, 0.29892340302467346, -1.1299607753753662, -0.5439455509185791, -0.542863667011261, -0.1065663993358612, 0.593053936958313, -0.2128516435623169, -0.33538728952407837, -0.19307160377502441, 0.30687612295150757, -0.08414428681135178, -0.27108824253082275, -0.14228008687496185, 0.2151089906692505, -0.4095723032951355, -0.2952791750431061, -0.584462583065033, 0.6698614358901978, 0.15531796216964722, -0.19720961153507233, 0.04565691947937012, 0.021426886320114136, -0.25774863362312317, -0.30517643690109253, 0.10430479049682617, 0.09036988019943237, -0.23373979330062866, 0.01657170057296753, 0.0625414103269577, 0.07767204940319061, -0.19847887754440308, 0.2118477076292038, -0.015561029314994812, -0.024194791913032532, 0.12473843991756439, 0.20314139127731323, 0.4498623013496399, -0.01605445146560669, 0.20292305946350098, 0.3331354558467865, 0.07937121391296387, 0.04549897462129593, 0.04488340765237808, 0.08304496854543686, -0.09507538378238678, -0.09084276854991913, -0.003750234842300415, -0.02825906313955784, -0.15662705898284912, -0.06387028098106384, -0.42357519268989563, -0.08787307143211365, 0.30319467186927795, 0.06785514950752258, 0.09903718531131744, -0.12887611985206604, -0.045831404626369476, 0.0525437593460083, 0.11341321468353271]"
5902a54d-b73a-45a7-baaa-fa9da73068cf,Traders Haven’t Been This Bullish On Oil Since August,3,"화이자와 바이오엔테크의 백신 개발 소식에 힘입어 석유 시장은 글로벌 경제 회복과 석유 수요 회복에 대한 낙관론을 보이며, 헤지펀드와 자금 관리자들이 석유 선물 및 계약에 대한 가장 긍정적인 포지션을 취하고 있는 것으로 나타났다.",0.8,https://oilprice.com/Energy/Crude-Oil/Traders-Havent-Been-This-Bullish-On-Oil-Since-August.html,"Dec 02, 2020 at 08:45",,"[17.336782455444336, 0.38362815976142883, 3.1007347106933594, 0.5008636116981506, -0.3038278818130493, -0.5368849039077759, 0.0305173397064209, -0.9568341970443726, -0.6570436954498291, -0.12069067358970642, 0.735089898109436, 0.5318529605865479, -0.005919665098190308, -0.22363892197608948, 0.22281485795974731, -0.1469421237707138, -0.17928332090377808, -0.28835833072662354, -0.2146749347448349, -0.2075347602367401, 0.15693646669387817, 0.18131010234355927, 0.3825319707393646, 0.026048660278320312, 0.20817425847053528, 0.023595139384269714, 0.2106681615114212, -0.40583860874176025, -0.19003236293792725, 0.06010809540748596, -0.1893962174654007, -0.1061323881149292, 0.24768146872520447, 0.13141953945159912, 0.05980195105075836, 0.12185022234916687, -0.06252256035804749, 0.58216792345047, -0.1998564898967743, 0.16257202625274658, -0.15210971236228943, 0.3094997704029083, 0.24264883995056152, 0.1553581953048706, -0.31145328283309937, 0.06684093177318573, 0.23290525376796722, 0.00024313107132911682, -0.2822337746620178, 0.1865479201078415, 0.12465149164199829, 0.19995303452014923, -0.11317393183708191, 0.07760287821292877, -0.13995027542114258, 0.04358972981572151, 0.07084167003631592, 0.1588020920753479, -0.11021578311920166, 0.09622571617364883, 0.08228069543838501, 0.1622726172208786, -0.14334775507450104, -0.1614374816417694]"
ceaa3680-edf8-432c-8ffd-eed2ef24a5aa,Oil Funds Could See Record Gains In December,3,파이자와 바이오엔테크의 코로나19 백신 개발 소식으로 국제 유가 관련 ETF들이 낙관주의에 힘입어 12월에 기록적인 유입을 기대하며 상승세를 보이고 있다.,0.8,https://oilprice.com/Energy/Crude-Oil/Oil-Funds-Could-See-Record-Gains-In-December.html,"Nov 11, 2020 at 17:19",,"[17.261262893676758, -0.8770874738693237, 1.333672285079956, -0.1441241353750229, -2.2649612426757812, -0.743053674697876, -0.7295092940330505, -0.554215133190155, 0.0824289321899414, -0.9341635704040527, 0.4931360185146332, -0.1436300128698349, 0.5724837183952332, -0.17849448323249817, 0.16492004692554474, 0.6564427614212036, -0.2675500214099884, 0.20894372463226318, 0.35277658700942993, -0.3457413911819458, 0.0667143315076828, 0.6008754968643188, -0.22240328788757324, 0.20205801725387573, 0.30624258518218994, -0.3191160261631012, -0.11343084275722504, -0.3068671226501465, -0.3552241921424866, -0.18779292702674866, -0.30252283811569214, 0.15376830101013184, 0.449395090341568, -0.2963009476661682, 0.2280026376247406, 0.011912286281585693, -0.004083156585693359, -0.09441541880369186, 0.08050763607025146, 0.025650806725025177, 0.07212958484888077, 0.2987474203109741, 0.1527102291584015, 0.5311292409896851, -0.3212103545665741, 0.20391374826431274, 0.055822357535362244, -0.012348847463726997, -0.18852683901786804, 0.12420803308486938, 0.1404830515384674, -0.0531211793422699, -0.025738883763551712, 0.027404844760894775, 0.08098316192626953, 0.06792966276407242, 0.12302583456039429, 0.13327014446258545, 0.0954204797744751, 0.14569422602653503, 0.19931729137897491, -0.13304007053375244, -0.44591376185417175, -0.25092336535453796]"
49cede0b-6d86-45fb-9edf-3fccb0004af0,The Biggest Oil Discovery Of The Year Could Happen Here,3,"아프리카가 석유 산업의 새로운 중심지로 떠오르며, 남아프리카 국가들이 대규모 석유 발견과 생산을 통해 투자자들에게 높은 수익을 제공할 전망이다.",0.8,https://oilprice.com/Energy/Crude-Oil/The-Biggest-Oil-Discovery-Of-The-Year-Could-Happen-Here.html,"Aug 24, 2020 at 16:16",,"[17.448171615600586, -0.7195017337799072, 0.7909661531448364, -0.44774875044822693, 0.4992801249027252, 0.5342687368392944, -1.065687894821167, 0.44634225964546204, 0.7417890429496765, -0.34520387649536133, 0.3261915147304535, 0.324285626411438, -0.11477923393249512, -1.241864562034607, -0.7071004509925842, 0.2547648251056671, -0.0025675445795059204, 0.11942468583583832, 0.07352395355701447, 0.23833255469799042, 0.23438620567321777, 0.02726694941520691, 0.2790146470069885, -0.34708502888679504, -0.22503192722797394, -0.016468442976474762, -0.648466169834137, 0.24178525805473328, -0.8323590159416199, 0.17776954174041748, 0.20770955085754395, 0.2224719524383545, -0.38591527938842773, -0.0047470033168792725, -0.3935883045196533, 0.13410693407058716, -0.21232731640338898, -0.2832375466823578, 0.7454118728637695, 0.1284196376800537, 0.23944927752017975, 0.039604611694812775, -0.23492997884750366, 0.21014928817749023, -0.20179243385791779, 0.28027868270874023, 0.029665425419807434, 0.08863724768161774, 0.2211669683456421, 0.3454768657684326, 0.2652595639228821, -0.2860863208770752, -0.34683138132095337, 0.19197706878185272, 0.16966867446899414, 0.238645538687706, -0.22958308458328247, -0.14780059456825256, -0.04940101504325867, 0.2285580337047577, 0.1383795440196991, -0.12460820376873016, -0.00561949610710144, 0.05217765271663666]"
b37f3fcf-8fcf-4f45-bdd9-b0b3cbe08cd3,Oil Rig Count Plunges Amid Scary Price Environment,4,미국의 유류 및 가스 탐사 플랫폼이 급감하며 원유 시장의 불안정한 가격 환경 속에서 하락세를 보이고 있음.,-0.6,https://oilprice.com/Energy/Crude-Oil/Oil-Rig-Count-Plunges-Amid-Scary-Price-Environment.html,"May 23, 2025 at 12:09",,"[17.41726303100586, 0.018731430172920227, 0.08760640770196915, -0.02584424614906311, -1.332412838935852, -1.0443111658096313, 0.7388243675231934, -0.03256913647055626, 0.8582634925842285, -0.12592610716819763, -0.13276897370815277, 0.09532728791236877, 0.22018328309059143, -0.07295513153076172, -0.49613893032073975, -0.14679227769374847, 0.46115487813949585, 0.03764265775680542, 0.25990983843803406, 0.16177475452423096, -0.06770123541355133, -0.14279146492481232, -0.35123273730278015, 0.5306917428970337, 0.13184340298175812, 0.13658908009529114, -0.27306854724884033, -0.36470237374305725, 0.06698265671730042, 0.08148610591888428, -0.6722398400306702, -0.1394762098789215, 0.2452186793088913, 0.5651099681854248, 0.10560743510723114, 0.16922998428344727, 0.04129689931869507, -0.03727932274341583, -0.3769858479499817, 0.13640913367271423, 0.27031058073043823, 0.14189112186431885, 0.0018204450607299805, 0.12902796268463135, 0.19316089153289795, -0.10480841994285583, -0.21979361772537231, 0.11595215648412704, -0.12177605926990509, 0.2461693286895752, -0.34546905755996704, 0.10187101364135742, -0.08650083094835281, -0.1981012523174286, 0.1175592839717865, 0.11426277458667755, -0.2657512426376343, 0.2855304777622223, 0.09633353352546692, -0.08270263671875, 0.033661164343357086, 0.05574801564216614, -0.035386621952056885, 0.15225441753864288]"
2c04d838-dd95-46ce-bedf-90cbe8036ffa,"US Oil Production to Peak in 2027, Natural Gas by 2032: EIA",4,"미국의 석유 생산은 2027년에 정점을 찍고, 천연가스는 2032년에 정점을 찍을 것으로 전망됩니다. 이는 석유 생산이 점차 감소하고 있는 현상을 반영하며, 이로 인해 생산 비용 상승과 소비자에게 높은 유가 전가가 예상됩니다.",-0.6,https://oilprice.com/Energy/Crude-Oil/US-Oil-Production-to-Peak-in-2027-Natural-Gas-by-2032-EIA.html,"Apr 16, 2025 at 13:32",,"[17.329727172851562, -2.294166088104248, 1.1403603553771973, 0.7992146015167236, -1.3459382057189941, -0.21876609325408936, 0.058839425444602966, 0.15686124563217163, -0.1543949544429779, 0.4265819787979126, -0.0999370813369751, 1.1879792213439941, 0.09678500890731812, 0.8604857325553894, 0.6016190052032471, 0.2980211079120636, -0.3906853497028351, 0.5897627472877502, -0.03440505266189575, -0.21512703597545624, 0.1532062441110611, -0.25083398818969727, -0.4043837785720825, -0.2161695957183838, -0.35573166608810425, -0.1812434196472168, -0.1082470715045929, 0.33647483587265015, -0.07662785053253174, 0.03818994760513306, 0.03561372309923172, 0.23516085743904114, -0.028526408597826958, 0.026237864047288895, 0.06579636037349701, 0.016584396362304688, -0.2301734983921051, -0.024189651012420654, 0.2619795799255371, 0.04313981160521507, -0.11005444824695587, -0.06316199153661728, -0.10067194700241089, -0.3565347194671631, -0.05161885917186737, 0.32775330543518066, 0.010448113083839417, 0.04584963619709015, -0.288046270608902, -0.02147255837917328, -0.18356645107269287, -0.2001207172870636, 0.14566382765769958, -0.03182289004325867, 0.14017435908317566, -0.11609029769897461, -0.002173691987991333, -0.16068997979164124, 0.043370991945266724, 0.17403557896614075, -0.026969537138938904, 0.1962103694677353, 0.009827256202697754, -0.042998820543289185]"
ed6a2ba1-447e-4f66-86de-e6f66aeb3525,Large Unexpected Crude Build Sinks Oil Prices,4,"미국의 원유 재고가 예상을 상회하는 8.7백만 배럴 증가로 인해 국제 유가 하락, 이에 따라 WTI와 Brent 유가 모두 1% 이상 하락. 미국의 산유물 재고는 상승세를 보이며, 가솔린은 2.2백만 배럴 증가, 중질류는 5.5백만 배럴 감소. 지난 4주간의 총 제품 공급은 작년 대비 3.3% 증가.",-0.6,https://oilprice.com/Energy/Crude-Oil/Large-Unexpected-Crude-Build-Sinks-Oil-Prices.html,"Feb 05, 2025 at 09:47",,"[17.081716537475586, -0.1443566381931305, 2.9438693523406982, 0.08326786756515503, -0.11097806692123413, 1.1242865324020386, -0.7395721673965454, 1.564107060432434, -0.07067883014678955, -0.9216532707214355, -1.0801056623458862, -0.04365681856870651, 0.6831675171852112, -0.4341835379600525, -0.010964244604110718, 0.19421349465847015, -0.5075100064277649, -0.004113048315048218, -0.5304295420646667, 0.0805487334728241, -0.33622610569000244, -0.5160362720489502, 0.046269699931144714, 0.40911591053009033, -0.4006696343421936, -0.14580152928829193, 0.2100517749786377, -0.5715236663818359, 0.2506086230278015, -0.24059095978736877, -0.029013685882091522, 0.22274500131607056, -0.25652414560317993, -0.07171882688999176, -0.467680960893631, -0.7436518669128418, -0.3563498258590698, 0.03072129562497139, -0.03646641969680786, 0.2158629298210144, -0.10427336394786835, -0.22148241102695465, -0.035727471113204956, -0.3118128180503845, 0.28905972838401794, -0.3642565906047821, 0.6619342565536499, 0.66514652967453, 0.12064307183027267, 0.07012972235679626, -0.22706522047519684, -0.014837637543678284, -0.23066988587379456, -0.20362325012683868, -0.3492272198200226, -0.10685190558433533, 0.010208457708358765, 0.008237376809120178, 0.08385878801345825, 0.18080396950244904, 0.11932350695133209, -0.1503375768661499, -0.06940104067325592, 0.49771496653556824]"
c8fccd99-558a-4aaa-9c1f-1cfae7ca1024,"Oil Moves Lower as EIA Confirms Small Crude, Gasoline Build",4,EIA 보고서에 따르면 원유 및 가솔린 재고가 증가하며 유가 하락. OPEC 수요 전망 하향 조정 및 Gulf of Mexico의 태풍으로 인한 생산 중단으로 유가 변동.,-0.6,https://oilprice.com/Energy/Crude-Oil/Oil-Moves-Lower-as-EIA-Confirms-Small-Crude-Gasoline-Build.html,"Sep 11, 2024 at 09:38",,"[16.8587646484375, 0.2775314450263977, 0.030340436846017838, -0.28191179037094116, -0.07750388979911804, -1.396277904510498, -1.9669687747955322, 0.5705669522285461, -0.9629713296890259, 0.7857440710067749, -2.003160238265991, -1.0500266551971436, 0.33762404322624207, 0.6144829988479614, 0.11078910529613495, -0.5078285932540894, 0.838649332523346, 0.325017511844635, -0.04787491261959076, 0.40126678347587585, -0.9852320551872253, -0.24713635444641113, -0.027547042816877365, -0.12588173151016235, 0.20285889506340027, -0.1193859726190567, 0.278864324092865, 0.3081897497177124, 0.11702093482017517, 0.4403829276561737, -0.6669270396232605, -0.5943712592124939, 0.24395398795604706, -0.2359572947025299, -0.2515823543071747, -0.3705527186393738, -0.2375609129667282, -0.061017319560050964, -0.051360636949539185, -0.29409533739089966, 0.5492323637008667, 0.42344537377357483, 0.0745340883731842, 0.10003387928009033, -0.19552840292453766, -0.24136883020401, 0.045334070920944214, -0.6805616617202759, -0.24663160741329193, -0.17421764135360718, 0.28442949056625366, 0.3373638689517975, -0.07226148992776871, 0.34105366468429565, -0.2692299783229828, 0.42620328068733215, -0.5306862592697144, 0.10157573223114014, -0.19923865795135498, 0.11271564662456512, -0.21997347474098206, -0.06521470099687576, 0.10190491378307343, 0.45498472452163696]"
8241a029-03e4-4103-9221-3acf5b3ce52a,Weak Demand in China Weighs on Middle East Oil Price Outlook,4,"중국의 수요 약세가 중동 유가 전망에 부담을 주는 상황. 아시아 시장의 수요 감소로 중동 선물 시장에 영향을 미치고, 사우디 아람코가 아시아 OSP를 인하하고 유럽 OSP를 인상함.",-0.6,https://oilprice.com/Energy/Crude-Oil/Weak-Demand-in-China-Weighs-on-Middle-East-Oil-Price-Outlook.html,"Jul 29, 2024 at 10:15",,"[17.139619827270508, 0.3266335725784302, 2.6947712898254395, -1.7786513566970825, -1.1632567644119263, 1.264496922492981, -0.3182424306869507, 0.3553658127784729, -0.29959073662757874, -0.5908618569374084, -0.11677481234073639, -1.2984073162078857, 0.43282121419906616, 1.1464407444000244, 0.2877727746963501, -0.09973420202732086, 0.19124139845371246, -0.5831572413444519, -0.0016658157110214233, -0.2752567231655121, -0.2344861775636673, -0.2656155824661255, 0.6447536945343018, -0.026333868503570557, -0.2475421279668808, -0.4555208683013916, -0.062004268169403076, -0.07176730036735535, 0.24842557311058044, 0.06631287932395935, 0.0029295384883880615, -0.03950846195220947, -0.26028138399124146, -0.05824856832623482, 0.008673861622810364, -0.2870596647262573, 0.12133198976516724, -0.10816920548677444, 0.015727922320365906, 0.14010372757911682, 0.2931092083454132, 0.5988065004348755, 0.14629977941513062, 0.2751327157020569, -0.14241117238998413, 0.06653739511966705, -0.15617409348487854, 0.00018800795078277588, 0.08765443414449692, 0.13692152500152588, 0.15114444494247437, -0.26956239342689514, 0.20635010302066803, -0.3879129886627197, 0.36237505078315735, -0.3244214951992035, 0.11881259083747864, 0.2979203760623932, -0.21823111176490784, 0.13099431991577148, 0.06086762994527817, 0.12997254729270935, 0.12427118420600891, 0.049726441502571106]"
c2c668a5-0ac5-4bee-9884-a0d410a2c7f7,Mega Merger And Revenue Boost: Exxon Wants To Rule The Shale Patch,5,"Exxon Mobil is planning a mega merger with Pioneer Natural Resources in a $60B deal while focusing on its 'Low Carbon' business to generate billions in revenue, aiming for stability amidst commodity price swings.",0.7,https://oilprice.com/Energy/Crude-Oil/Mega-Merger-And-Revenue-Boost-Exxon-Wants-To-Rule-The-Shale-Patch.html,"Oct 10, 2023 at 13:29",,"[8.897706985473633, 1.2444977760314941, 0.6143918037414551, -3.4603636264801025, 7.317025184631348, -1.3116270303726196, -2.031686782836914, 0.4052218496799469, 2.0687291622161865, 0.24200722575187683, 3.4347901344299316, 2.79950213432312, -0.6884572505950928, 3.496042251586914, -0.658431887626648, 0.6565830707550049, -1.7527117729187012, 0.59783935546875, 1.7027842998504639, 0.21570651233196259, -0.40917307138442993, -0.4377056956291199, 1.6527440547943115, 1.3459320068359375, 0.9274436235427856, 1.4652122259140015, -0.46128249168395996, 0.5633090734481812, 2.3262057304382324, -0.6663563251495361, -1.2119293212890625, -1.8223892450332642, -0.4187941551208496, -2.2142765522003174, 1.1734601259231567, 0.42519500851631165, 0.7407481670379639, -0.4318140149116516, 0.0758458822965622, 1.560537576675415, -2.6989524364471436, -1.0399208068847656, 0.09278510510921478, -0.07496780157089233, -0.07340830564498901, 0.3492300510406494, -0.8455776572227478, -0.675976037979126, -0.9776890873908997, 0.4217803180217743, 1.5677903890609741, -0.6557830572128296, -0.9323632717132568, -1.1287367343902588, -1.2945733070373535, -0.570512592792511, -1.8777179718017578, -1.2079955339431763, 0.05290248990058899, 1.7638752460479736, -0.5253401398658752, -1.3599604368209839, -0.3017691373825073, -0.6087974309921265]"
99fcdfb9-7136-4bb0-8cf0-a97285789940,Oil Sands Still Face Pipeline Problems,5,"트랜스캐나다가 케인스톤 XL 파이프라인 검토 지연을 요청하며 프로젝트 구제를 시도하고 있지만, 환경단체들은 오바마 대통령이 파이프라인을 거부할 것으로 예상되며, 파이프라인이 거부되더라도 트랜스캐나다는 다음 정부에서 재신청할 수 있을 것으로 전망됨.",0.7,https://oilprice.com/Energy/Crude-Oil/Oil-Sands-Still-Face-Pipeline-Problems.html,"Nov 04, 2015 at 16:27",,"[17.389551162719727, -0.8585859537124634, 0.5491507649421692, 0.676310658454895, -0.5467609763145447, 0.7222543954849243, -1.445753812789917, -0.9437929391860962, 0.056145668029785156, -0.59930419921875, 0.8476595282554626, 0.29703447222709656, -0.9076091051101685, -0.274972528219223, 0.6979360580444336, 0.11397594213485718, -0.16295266151428223, -0.25382688641548157, -0.2961556911468506, 0.05721510946750641, -0.4033682942390442, -0.3520722985267639, 0.13699527084827423, -0.27835240960121155, 0.3104396462440491, 0.0004056766629219055, 0.03245076537132263, 0.3459850549697876, 0.030102014541625977, 0.6198081970214844, -0.17167972028255463, -0.17632320523262024, -0.03875153139233589, 0.5389328002929688, -0.020608916878700256, 0.008899897336959839, -0.3524036705493927, -0.02528151497244835, 0.08453096449375153, -0.30406856536865234, -0.08571242541074753, -0.18384593725204468, 0.3327953517436981, 0.08056426048278809, -0.06892228126525879, -0.2864276170730591, 0.22177214920520782, 0.4660906195640564, -0.2599433362483978, 0.2126735895872116, -0.04232412576675415, 0.23721185326576233, 0.15545517206192017, -0.10052606463432312, -0.09463679790496826, -0.030942855402827263, -0.10949403047561646, -0.29856735467910767, -0.016878575086593628, 0.11357312649488449, 0.23772427439689636, 0.3249172866344452, 0.07340708374977112, -0.448568195104599]"
ca86b472-a864-4886-9265-d1d7c82c163f,American Shale Consolidation Continues with Rumors of Another Sale,5,"미국 셰일 산업의 합병이 계속되며, 텍사스 퍼미안 분지의 Franklin Mountain Energy가 다음 판매 대상으로 소문이 나왔다. 최근 12개월 동안 미국 셰일 산업에서 대규모 합병이 이뤄지고 있으며, 퍼미안 분지는 초기 2030년대에 최대 생산량에 도달할 것으로 예상된다.",0.6,https://oilprice.com/Energy/Crude-Oil/American-Shale-Consolidation-Continues-with-Rumors-of-Another-Sale.html,"Aug 07, 2024 at 12:24",,"[17.348020553588867, -1.82319974899292, 0.7068870067596436, 0.32455646991729736, -0.23301130533218384, 0.7089126706123352, 0.15265622735023499, 0.605586051940918, -0.05520501732826233, 0.07277227938175201, -0.363103985786438, 0.9201354384422302, -0.569169282913208, -0.07898476719856262, 0.9505424499511719, -0.48331695795059204, 0.44154292345046997, 0.3175498843193054, -0.013267666101455688, 0.2381211668252945, 0.14733219146728516, 0.2039482295513153, 0.25808149576187134, 0.14032813906669617, -0.15544810891151428, -0.1621250957250595, 0.06440940499305725, -0.12793895602226257, 0.401429146528244, -0.26704519987106323, -0.2620721757411957, -0.08685165643692017, -0.13716661930084229, -0.06381048262119293, 0.4307810366153717, -0.3208554983139038, -0.4339362382888794, -0.10240115225315094, -0.13866671919822693, -0.10922034084796906, -0.4639196991920471, 0.028898730874061584, -0.0345613956451416, 0.14084917306900024, -0.06919695436954498, 0.07337686419487, 0.005598202347755432, 0.14601090550422668, 0.17237824201583862, 0.2509314715862274, -0.25690966844558716, -0.24094416201114655, 0.03241071105003357, 0.0625264048576355, 0.12689220905303955, 0.15979403257369995, -0.1895158588886261, -0.07067905366420746, 0.4515840411186218, 0.2362847477197647, -0.05561918765306473, -0.05956702679395676, 0.33547428250312805, 0.06503912806510925]"
6e2a1d0b-0d7b-4f27-8947-9df15170778d,The Dark Fleet: How Unknown Traders Keep Russian Oil Flowing,5,"러시아의 우크라이나 침공과 EU 및 G7의 제재로 인해 러시아 석유 수출을 책임지는 미지의 거래업자들이 등장하고 있으며, 이들은 '그림자 함대'로 알려진 중개인들의 도움을 받아 러시아 석유와 제품을 운송하고 있다.",0.6,https://oilprice.com/Energy/Crude-Oil/The-Dark-Fleet-How-Unknown-Traders-Keep-Russian-Oil-Flowing.html,"Jul 31, 2023 at 09:09",,"[17.466625213623047, -0.22860345244407654, 2.0053300857543945, -0.24712114036083221, -0.4540010690689087, 0.04361414909362793, -0.9894328117370605, -0.4529726207256317, -0.5141125321388245, -0.25586605072021484, 0.39928364753723145, -0.4942628741264343, -0.3536948561668396, -0.306875079870224, 0.16903111338615417, 0.46141761541366577, 0.2583371698856354, -0.2909386157989502, 0.49787744879722595, 0.021624401211738586, -0.051774099469184875, 0.2839686870574951, 0.07579280436038971, 0.07563620805740356, 0.32247522473335266, -0.04809201508760452, -0.3631663918495178, -0.3275177776813507, -0.039038509130477905, 0.17994266748428345, 0.3737812638282776, -0.22926387190818787, 0.3458600640296936, -0.2998877167701721, 0.12629595398902893, 0.2072221040725708, -0.435952365398407, 0.2892816364765167, -0.40590694546699524, -0.5570240616798401, 0.044467583298683167, 0.06935060024261475, 0.23800422251224518, 0.034062981605529785, -0.16424427926540375, 0.01697973906993866, 0.16252225637435913, 0.2668130397796631, -0.058602429926395416, 0.12783673405647278, 0.12434714287519455, 0.058653220534324646, 0.05107979476451874, -0.2618418335914612, -0.11099639534950256, 0.0036524012684822083, -0.00898692011833191, -0.14849430322647095, -0.17440184950828552, -0.08759104460477829, 0.02897609770298004, 0.15424083173274994, 0.020641803741455078, -0.06674036383628845]"
7d20c628-0f37-40c2-ab55-5ded2982b82e,G7 Presses Ahead With Russian Oil Price Cap,5,"G7는 러시아 석유 가격 상한선을 유지하고자 하며, 유럽연합의 러시아 해상 원유 수입 금지와 동시에 가격 상한선 메커니즘을 도입하려고 한다.",0.6,https://oilprice.com/Energy/Crude-Oil/G7-Presses-Ahead-With-Russian-Oil-Price-Cap.html,"Jul 27, 2022 at 10:59",,"[17.335487365722656, 0.7763935327529907, 1.8720903396606445, -1.172274112701416, -0.6776757836341858, 0.755441427230835, -0.9998131990432739, -0.0023557357490062714, 0.04852023720741272, 0.18582163751125336, 0.16492903232574463, -0.3890974819660187, 0.7461236119270325, -1.1726560592651367, 0.6582181453704834, -0.007428288459777832, -0.11606582999229431, -0.16186381876468658, 0.31580591201782227, 0.06346745789051056, 0.050087690353393555, -0.3586539030075073, 0.1617366224527359, 0.1332411766052246, -0.0023106271401047707, 0.21889281272888184, -0.609439492225647, -0.31650131940841675, -0.06200859695672989, 0.25293466448783875, -0.013730481266975403, 0.14898264408111572, 0.37952810525894165, -0.09629590809345245, 0.14539436995983124, 0.4064720571041107, -0.21180802583694458, 0.0937279611825943, 0.3117198944091797, 0.17701540887355804, 0.2953505218029022, 0.06337915360927582, -0.2501986026763916, -0.025697767734527588, -0.08681292831897736, 0.08526003360748291, -0.2502528131008148, -0.08926248550415039, -0.3182680010795593, 0.13892944157123566, -0.13644394278526306, -0.1732540726661682, 0.21768821775913239, -0.06698821485042572, -0.4286116361618042, -0.24837692081928253, -0.36526575684547424, -0.07238206267356873, 0.04510602355003357, -0.5002253651618958, 0.08051993697881699, 0.11523354053497314, -0.11115938425064087, 0.05066882073879242]"
19b66086-01b5-471d-b6ae-9d7d54ca6ddb,"EIA Sees 2017 U.S. Oil Output Rising By 110,000 Bpd",6,"미국의 EIA는 2017년 미국의 석유 생산량이 지난해보다 11만 배럴 증가할 것으로 전망하며, 2018년에도 더 높아질 것으로 예상했다. 이로 인해 유가는 50달러 수준을 유지할 것으로 예상되며, OPEC의 감산 협정의 효과에 대한 의문이 깊어질 것으로 전망된다.",-0.7,https://oilprice.com/Energy/Crude-Oil/EIA-Sees-2017-US-Oil-Output-Rising-By-110000-Bpd.html,"Jan 11, 2017 at 09:19",,"[17.105804443359375, -2.756079912185669, -0.24854333698749542, 0.6081348061561584, -1.472480058670044, 0.7882601022720337, 0.18963027000427246, 0.8462365865707397, -0.8129480481147766, -0.3825776278972626, -0.013197854161262512, 1.3677033185958862, 0.24400441348552704, 1.168247938156128, 0.3037176728248596, -0.5586355924606323, 0.18617339432239532, 0.22648145258426666, 0.03529956936836243, -0.0036722272634506226, 0.40453916788101196, -0.031714051961898804, -0.22953911125659943, -0.03268009424209595, -0.49240022897720337, 0.3805723786354065, -0.004831105470657349, 0.687303900718689, 0.36173516511917114, -0.26354292035102844, -0.018628761172294617, 0.15011698007583618, -0.0859229564666748, -0.4282289445400238, 0.5828851461410522, 0.6408650875091553, -0.03625832498073578, -0.008808828890323639, -0.20463526248931885, -0.09754549711942673, -0.0152658149600029, 0.12267458438873291, -0.3932003974914551, -0.007586658000946045, -0.22280175983905792, 0.03751538693904877, 0.214739590883255, 0.08395043015480042, -0.20089885592460632, -0.024331912398338318, -0.04191359877586365, 0.06929893791675568, 0.3973083198070526, -0.3013545274734497, 0.05333143472671509, -0.12138952314853668, 0.11883248388767242, -0.0947529673576355, -0.15267205238342285, -0.372052401304245, -0.43257468938827515, -0.0866197869181633, 0.2521282434463501, 0.19069220125675201]"
9f88aa1c-4b13-4b33-a3c9-49ac06d69905,Trump's Escalating Tariff War With India Threatens Russia's Oil Economy,6,트럼프의 인도에 대한 관세 전쟁이 러시아의 석유 경제를 위협하고 있음,-0.8,https://oilprice.com/Energy/Crude-Oil/Trumps-Escalating-Tariff-War-With-India-Threatens-Russias-Oil-Economy.html,"Aug 07, 2025 at 04:44",,"[16.62389373779297, 1.2443135976791382, -2.30010986328125, -3.065509796142578, 0.15163739025592804, -0.568331778049469, 0.49664217233657837, -0.7630529403686523, -1.4939125776290894, -0.0315103679895401, 1.5428438186645508, 0.39747709035873413, -0.11600562930107117, -0.9421954154968262, 0.46404460072517395, -0.001896888017654419, -0.4263148903846741, 0.33273929357528687, 0.21509623527526855, 0.21774643659591675, 0.2723141014575958, -0.22947609424591064, -0.9773241281509399, -0.7762511968612671, 0.4262669086456299, -0.2502450942993164, -0.24601344764232635, -0.02977139689028263, 0.30505746603012085, 0.3002609610557556, -0.374409556388855, 0.25259140133857727, -0.4909926950931549, -0.06996122002601624, 0.23435574769973755, -0.23067227005958557, -0.748174786567688, 0.14381098747253418, -0.16123339533805847, 0.5692753791809082, 0.05476139485836029, -0.023030690848827362, -0.5879765152931213, -0.21831679344177246, -0.09798938035964966, -0.5336214900016785, -0.3741563856601715, 0.2926231324672699, -0.47851574420928955, 0.12159475684165955, 0.5957880020141602, 0.3472379148006439, -0.3935914635658264, -0.2474164515733719, 0.005681216716766357, 0.013572603464126587, 0.17567333579063416, 0.20181132853031158, 0.22422826290130615, 0.12765999138355255, 0.2500918209552765, -0.48766204714775085, 0.018527954816818237, 0.09014838933944702]"
6c583c29-5769-4d7d-a91d-1314181dce58,Ecuador Oil Production Plunges Due to Pipeline Shutdowns,6,에콰도르의 기름 생산이 파이프라인 정전으로 급감하며 수백만 달러의 수익 손실이 예상되고 있습니다.,-0.8,https://oilprice.com/Energy/Crude-Oil/Ecuador-Oil-Production-Plunges-Due-to-Pipeline-Shutdowns.html,"Jul 30, 2025 at 07:03",,"[16.932910919189453, -2.4674785137176514, -1.6902942657470703, -1.711313009262085, -2.5125412940979004, -1.220017671585083, 0.7875140905380249, 0.035719264298677444, 0.17364269495010376, 0.5419241786003113, 0.9634718894958496, 0.6431761980056763, 0.2095426470041275, -0.23062071204185486, 0.3220803141593933, 0.4199325144290924, -0.1439414769411087, -0.190750390291214, 0.3540862500667572, 0.37338587641716003, 0.012206852436065674, -0.3044487535953522, -0.2466253638267517, 0.24408310651779175, -0.35079678893089294, 0.12073573470115662, 0.36014217138290405, 0.013694439083337784, 0.28901347517967224, 0.11454477906227112, -0.6464600563049316, 0.12408104538917542, -0.42734676599502563, 0.2564772367477417, -0.3077958822250366, 0.151346355676651, 0.16102193295955658, 0.03305806592106819, -0.020904332399368286, 0.05825773626565933, 0.18511421978473663, -0.2573237121105194, 0.4864196479320526, 0.18185210227966309, -0.28004691004753113, -0.10734233260154724, -0.08471882343292236, 0.26723623275756836, 0.29744017124176025, -0.061248257756233215, 0.12097543478012085, -0.16964398324489594, -0.236211359500885, -0.06895940005779266, 0.25341320037841797, -0.14461614191532135, 0.2351239025592804, 0.4533512592315674, -0.13346460461616516, -0.3112618327140808, 0.052547551691532135, -0.018620774149894714, 0.11621536314487457, -0.011578485369682312]"
2d553e9b-8f40-483b-a990-c60d0da14cfc,Why Analysts Think Oil Prices Will Remain Subdued,6,"분석가들은 국제 유가가 억제될 것으로 예상하며, 미국의 관세 정책과 경제 불안이 유가 하락 압력을 가중시킬 것으로 전망됨.",-0.8,https://oilprice.com/Energy/Crude-Oil/Why-Analysts-Think-Oil-Prices-Will-Remain-Subdued.html,"Mar 04, 2025 at 15:33",,"[17.089397430419922, -1.9035732746124268, -0.5796169638633728, 2.405229330062866, 0.2633853554725647, 0.2890492081642151, 1.4189833402633667, -0.5659798979759216, 0.7260738611221313, -0.3161217272281647, 0.4748324751853943, -0.06849824637174606, 0.12944816052913666, -0.32233595848083496, -0.08257293701171875, 0.6164096593856812, -0.290419340133667, 0.08021095395088196, -0.681829035282135, -0.932013213634491, 0.023409631103277206, 0.43742993474006653, 0.3288087844848633, 0.26554691791534424, -0.5313917398452759, -0.22489771246910095, 0.23284299671649933, 0.2883244752883911, -0.5829480886459351, -0.30524975061416626, -0.5159253478050232, -0.10795754194259644, -0.30982205271720886, 0.11441147327423096, 0.14212089776992798, 0.7026328444480896, -0.40096962451934814, 0.024311430752277374, -0.29815199971199036, 0.09230098128318787, -0.13933563232421875, -0.43551695346832275, -0.05693173408508301, 0.06309777498245239, -0.2648105025291443, -0.4295365512371063, -0.13466250896453857, 0.1987379938364029, -0.04556843638420105, -0.23569796979427338, -0.13890501856803894, 0.13386467099189758, -0.07403586804866791, 0.24664145708084106, 0.01233413815498352, -0.729548454284668, 0.03269866108894348, 0.09171098470687866, 0.3497808575630188, 0.2759380042552948, 0.17073456943035126, 0.19327059388160706, -0.2660669684410095, -0.11353152990341187]"
e3ab755e-0718-47c7-9319-9ab89f150a85,Massive Ukrainian Drone Attack Targets Russian Oil Refineries,6,"우크라이나가 러시아의 석유 정제소를 대규모 드론 공격으로 타격하여 러시아의 석유 생산 능력을 저해시키고 경제적, 심리적 전쟁을 전개하고 있음.",-0.8,https://oilprice.com/Energy/Crude-Oil/Massive-Ukrainian-Drone-Attack-Targets-Russian-Oil-Refineries.html,"Feb 04, 2025 at 08:06",,"[17.405414581298828, -1.0302551984786987, 0.17072732746601105, -0.18998706340789795, -1.032267689704895, -0.00293576717376709, -1.1794136762619019, -0.00937306135892868, 0.09760493040084839, 1.1997019052505493, 1.0800544023513794, -0.08725309371948242, -0.8029440641403198, -0.7877295017242432, -0.5918478965759277, 0.5137780904769897, -0.2743316888809204, 0.1680791974067688, -0.1539028137922287, 0.48794621229171753, 0.5022169351577759, -0.32543516159057617, -0.8298954367637634, -0.17621973156929016, -0.04904726892709732, 0.27845147252082825, -0.470549613237381, 0.29314810037612915, -0.15607115626335144, 0.4507687985897064, 0.4146885275840759, -0.27497220039367676, 0.06294332444667816, 0.11641515791416168, 0.19853955507278442, -0.12273907661437988, -0.031332820653915405, 0.12771984934806824, 0.2636024057865143, -0.2563979923725128, 0.16258004307746887, 0.015059076249599457, -0.053926706314086914, 0.3372901678085327, -0.05257418751716614, 0.20202212035655975, 0.07288745045661926, 0.48047125339508057, -0.10909153521060944, 0.14961883425712585, 0.17153218388557434, -0.11755353212356567, -0.042631588876247406, -0.08521915227174759, -0.028399169445037842, 0.18123072385787964, -0.394464373588562, 0.2937554121017456, -0.06524789333343506, -0.0902738869190216, 0.5880128145217896, 0.20786331593990326, -0.06456536054611206, -0.06538544595241547]"
7b5c7151-bc76-40c8-8160-6368f6310671,Standard Chartered: All-Time-High Demand Will Push Oil To $100,7,"Standard Chartered은 수요가 사상 최고치에 도달할 것이며, 이로 인해 유가가 100달러까지 상승할 것으로 전망했다.",0.8,https://oilprice.com/Energy/Crude-Oil/Standard-Chartered-All-Time-High-Demand-Will-Push-Oil-To-100.html,"Aug 17, 2023 at 07:51",,"[15.534693717956543, -4.112318515777588, -5.443577289581299, 0.32298821210861206, -0.3634011149406433, -1.043664574623108, 0.2217288464307785, 0.2981525659561157, 0.08224225044250488, -0.28187432885169983, -0.5261775255203247, 0.5189427733421326, 0.4458065330982208, 0.8090306520462036, -0.3680950999259949, 0.7910490036010742, 0.17005197703838348, 0.4678104519844055, 0.3332136571407318, 0.6028525829315186, 0.2586449384689331, -0.16682758927345276, 1.0851167440414429, -0.37637221813201904, -1.115537166595459, -0.3238564133644104, 0.6653140187263489, 1.2067179679870605, -0.6144641637802124, -0.23927068710327148, 0.10817163437604904, -0.6301122307777405, 0.9092996716499329, -0.038572199642658234, 0.9546112418174744, -0.1968110203742981, -0.4106614291667938, -0.048399798572063446, 0.35990095138549805, -0.10369238257408142, 1.0646134614944458, -0.0073231980204582214, 0.08085528016090393, 0.5736620426177979, 0.0715232640504837, 0.37162426114082336, -0.0056531429290771484, -0.2006096988916397, 0.2867022454738617, -0.12995828688144684, 0.01019410602748394, 0.06306637078523636, 0.3020547032356262, 0.21607235074043274, -0.21562978625297546, -0.1796584576368332, 0.45115426182746887, -0.14967560768127441, -0.21342366933822632, 0.34225428104400635, -0.17896653711795807, 0.011027038097381592, 0.2987973093986511, -0.2876947224140167]"
a37cd587-df57-485a-883d-82d099f1fade,Guyana To Pump 1.2 Million Barrels Of Oil Per Day By 2027,7,"2027년까지 가이아나는 하루 120만 배럴의 석유를 생산할 것으로 예상되며, 이는 이전 예상치보다 상당한 증가를 보이고 있습니다.",0.8,https://oilprice.com/Energy/Crude-Oil/Guyana-To-Pump-12-Million-Barrels-Of-Oil-Per-Day-By-2027.html,"Apr 13, 2023 at 10:05",,"[17.05142593383789, -2.616988182067871, -2.5404558181762695, 0.38078898191452026, 0.3749273121356964, 0.7770102620124817, 0.4840359091758728, -0.42801758646965027, 0.6970869302749634, -0.09888884425163269, 0.406196653842926, 1.1360855102539062, 0.3995518088340759, 0.44336020946502686, -0.6561646461486816, 0.25242599844932556, -0.7218542695045471, 0.11893615871667862, -0.3281152546405792, -0.22022715210914612, -0.6606429815292358, -0.13845783472061157, 0.20589223504066467, -0.39438217878341675, -0.23787817358970642, 0.00325123593211174, 0.026124142110347748, 0.17658817768096924, -0.1932927966117859, 0.30471086502075195, 0.08121334761381149, 0.31063446402549744, 0.27644503116607666, -0.17393162846565247, -0.6262157559394836, 0.07280337810516357, -0.23024405539035797, 0.320132315158844, 0.005468405783176422, 0.1333235651254654, 0.0933627188205719, 0.294556587934494, 0.03747531771659851, 0.042962729930877686, -0.2623228430747986, -0.1440296620130539, 0.22333446145057678, 0.15180018544197083, 0.3139722943305969, -0.3349401354789734, -0.09143300354480743, 0.24463433027267456, -0.18800637125968933, -0.2601313591003418, -0.13372421264648438, -0.4835045337677002, 0.16836699843406677, 0.0938136875629425, -0.3306830823421478, 0.21877196431159973, -0.12167856097221375, 0.1301833540201187, 0.35741740465164185, -0.026801347732543945]"
ec40d94a-e8af-41ef-bf6a-b375f7d1a97f,Shell’s Loss Is Eni’s Gain,7,"셸의 손실은 에니의 이익으로 이어졌으며, 에니는 북극 해역에서의 원유 생산에 성공적으로 다가가고 있습니다.",0.8,https://oilprice.com/Energy/Crude-Oil/Shells-Loss-Is-Enis-Gain.html,"Oct 02, 2015 at 11:18",,"[16.94205093383789, -2.357635021209717, -3.330793619155884, 0.2602884769439697, -0.21734529733657837, 0.6397937536239624, -0.006673797965049744, -0.29110103845596313, 1.2380094528198242, 0.5434216260910034, 0.40310919284820557, 0.3290226459503174, 0.12352278083562851, 0.09638312458992004, 0.25551837682724, -0.5181922912597656, -0.814175009727478, -0.1919928789138794, 0.04092353582382202, -0.19209975004196167, 0.1873604953289032, -0.2425433248281479, -0.11875523626804352, -0.10555675625801086, -0.10507933050394058, -0.038976363837718964, -0.04379571974277496, 0.2367907017469406, -0.22838245332241058, 0.21753442287445068, -0.03058771789073944, 0.09204843640327454, 0.6297928094863892, 0.39245539903640747, 0.1524641066789627, 0.26683923602104187, -0.04372863471508026, -0.2349492460489273, -0.06599396467208862, 0.07674027979373932, -0.308508038520813, -0.4096432328224182, 0.17626458406448364, 0.1477932333946228, 0.2717926800251007, -0.1080906093120575, 0.4678103029727936, -0.22178301215171814, 0.3417958617210388, -0.10110363364219666, 0.06843791157007217, 0.21127906441688538, -0.29417702555656433, 0.19904693961143494, 0.11824151873588562, 0.03290264308452606, -0.04004049301147461, 0.218205988407135, -0.019561827182769775, 0.20196253061294556, 0.04799707978963852, 0.18936395645141602, -0.24238134920597076, -0.06356181204319]"
96a08440-01c5-443e-9633-4941c0c78938,"EIA: Oil, Oil Product Inventories Continue to Plummet in the U.S.",7,"미국의 원유 및 석유 제품 재고가 계속 감소하고 있으며, 유가는 상승세를 보이고 있다.",0.7,https://oilprice.com/Energy/Crude-Oil/EIA-Oil-Oil-Product-Inventories-Continue-to-Plummet-in-the-US.html,"Oct 29, 2025 at 09:41",,"[17.19352912902832, -1.4694042205810547, -2.0001890659332275, 0.18825645744800568, -0.7085135579109192, -0.30949652194976807, 1.067465901374817, 0.03369875252246857, 0.9862484335899353, -0.12940090894699097, -0.8175607323646545, 0.04428752139210701, 0.1856800615787506, 0.08501768112182617, -0.26618054509162903, -0.34251582622528076, -0.04724562168121338, -0.21218524873256683, 0.05405701696872711, -0.14530149102210999, -0.4472392201423645, 0.10213230550289154, -0.43997323513031006, 0.174821138381958, 0.3252783417701721, -0.2810996472835541, -0.08291645348072052, -0.6462305784225464, 0.25376269221305847, 0.3555065393447876, -0.09276863932609558, -0.1174999475479126, 0.341970831155777, 0.5647794008255005, 0.2680211067199707, -0.2805095613002777, -0.09215959161520004, -0.1366068720817566, -0.16003817319869995, 0.5868393182754517, 0.22940795123577118, 0.4544096887111664, 0.16177880764007568, -0.11277413368225098, 0.14346158504486084, 0.15103265643119812, 0.5457891225814819, -0.1475173383951187, 0.26731419563293457, 0.1964014768600464, -0.09113016724586487, -0.1944579780101776, -0.09852971881628036, 0.02623125910758972, 0.1516406238079071, -0.24502742290496826, -0.12145918607711792, 0.03583264350891113, 0.04533544182777405, 0.005340054631233215, 0.044943396002054214, -0.05455627292394638, 0.18615087866783142, -0.04990647733211517]"
635e0769-9dbd-40c5-a8a5-b4f95f14f33c,Oil Rig Count Inches Higher Amid Oil Price Rally,7,"미국의 원유 및 가스 활동이 증가하고 있으며, 최근의 원유 생산량은 감소했으나 유가는 상승세를 보이고 있다.",0.7,https://oilprice.com/Energy/Crude-Oil/Oil-Rig-Count-Incher-Higher-Amid-Oil-Price-Rally.html,"Oct 24, 2025 at 12:09",,"[17.091676712036133, -2.5584139823913574, -2.151193618774414, 0.6746964454650879, 0.40524572134017944, -0.007738828659057617, 0.5183067321777344, 0.3503729999065399, 1.4027109146118164, 0.03406411409378052, -0.21080519258975983, 0.50812828540802, 0.4497913718223572, 0.6141226887702942, -0.5253310799598694, -0.28953051567077637, -0.29980939626693726, -0.5623346567153931, 0.298926442861557, -0.10127857327461243, -0.1874566376209259, 0.5093573927879333, -0.20166359841823578, -0.42524874210357666, 0.16462087631225586, 0.02780141867697239, -0.44131025671958923, -0.7683281898498535, -0.002425745129585266, -0.4897993803024292, 0.3701089024543762, -0.1266372799873352, 0.6046470999717712, 0.41602399945259094, 0.10582759231328964, -0.14351534843444824, -0.18373315036296844, 0.011102192103862762, -0.2584046721458435, 0.26638147234916687, 0.36697983741760254, 0.1679624766111374, 0.23468202352523804, -0.01531839370727539, -0.019710183143615723, 0.04127234220504761, 0.16324305534362793, -0.1976548731327057, -0.041688382625579834, -0.3274075984954834, -0.08383214473724365, 0.15126760303974152, -0.13529372215270996, 0.3122865855693817, -0.07245847582817078, -0.13303373754024506, 0.003316938877105713, 0.17175039649009705, -0.1177491545677185, 0.13395117223262787, 0.0685458779335022, -0.16315817832946777, -0.21179711818695068, -0.027628496289253235]"
9b9dd8b8-168e-481c-8d24-b1cd470fac60,Geopolitical Risk in Oil Has All But Evaporated,8,미국 원유 재고 증가와 경제 둔화 우려로 인해 국제 Brent Oil 가격이 5년 만에 최저치를 기록하며 지정학적 리스크가 사라지고 있음.,-0.1,https://oilprice.com/Energy/Crude-Oil/Geopolitical-Risk-in-Oil-Has-All-But-Evaporated.html,"Oct 17, 2025 at 10:40",,"[17.10681915283203, 0.25036513805389404, 2.2724809646606445, 0.10317623615264893, -0.8441346883773804, -0.9159572720527649, 0.7540709972381592, 0.7342879772186279, 1.315582513809204, -0.3023868203163147, -0.9940009117126465, -1.2212116718292236, 0.058160677552223206, -0.5238094329833984, 0.03228752315044403, -0.084811270236969, -0.43192264437675476, 0.734797477722168, -0.07957671582698822, 0.2620150148868561, 0.9096377491950989, -0.012193143367767334, -0.712151050567627, 0.1391175389289856, 0.349869042634964, 0.3958398103713989, 0.39145100116729736, 0.25948214530944824, -0.5095254182815552, -0.006250470876693726, 0.1725471317768097, -0.6245903968811035, -0.22160404920578003, -0.24538767337799072, 0.5614886283874512, 0.23188838362693787, 0.09991298615932465, -0.06670796871185303, -0.30730676651000977, -0.44975006580352783, -0.5044184923171997, -0.47186174988746643, -0.487182080745697, 0.03343164920806885, -0.08118079602718353, -0.10623250901699066, -0.15314388275146484, -0.004814811050891876, 0.0801980197429657, 0.06763340532779694, 0.15268893539905548, -0.08316904306411743, -0.01070861890912056, -0.25786322355270386, -0.03853106498718262, 0.15672753751277924, 0.08303949236869812, -0.053940773010253906, 0.10862809419631958, 0.3289353847503662, 0.29574036598205566, 0.3901793360710144, -0.12977877259254456, 0.22603324055671692]"
650f6006-ffe5-4e69-a090-7a2f1a77caba,"Crude Oil Could Fall Below $50, BofA Warns",8,"미국과 중국의 무역 갈등과 OPEC+의 공급 증가로 인해 국제 유가 하락 우려가 커지고, Bank of America는 브렌트유가 배럴 당 50달러 아래로 떨어질 수 있다고 경고했다.",-0.1,https://oilprice.com/Energy/Crude-Oil/Crude-Oil-Could-Fall-Below-50-BofA-Warns.html,"Oct 15, 2025 at 13:29",,"[16.07666778564453, 1.3436856269836426, -2.1071560382843018, 0.641735315322876, 0.38430851697921753, -1.5363086462020874, -1.1617263555526733, 0.9270468354225159, -1.1346229314804077, -1.0306460857391357, -1.3600982427597046, -1.10026216506958, 0.47182512283325195, -0.726861834526062, -0.5019242763519287, 0.6118303537368774, 0.5458809733390808, 0.056391775608062744, -1.2328407764434814, -0.6400407552719116, 0.017250120639801025, 0.7792949676513672, 0.21678462624549866, 0.7271389961242676, 0.9977379441261292, -1.0328632593154907, -0.8069067001342773, 1.5251401662826538, -0.4358644485473633, 0.2704547941684723, -0.3616894483566284, 0.11838667094707489, 0.3824598789215088, 0.9206258654594421, 0.10207360982894897, 0.05099168419837952, -0.22689439356327057, -0.3038051128387451, -0.1526211053133011, -0.030044961720705032, 0.4148613214492798, -0.5012675523757935, 0.30003994703292847, 0.04994070529937744, 0.31491073966026306, 0.18995171785354614, 0.008684903383255005, 0.08115396648645401, 0.03721015900373459, 0.36583539843559265, -0.6146457195281982, 0.4795185625553131, -0.17019890248775482, -0.13815690577030182, 0.8640683889389038, -0.6779780387878418, -0.07161667943000793, 0.1344393938779831, -0.2882845401763916, 0.10347357392311096, 0.5126072764396667, -0.42694559693336487, 0.580713152885437, 0.19444455206394196]"
fee454c0-c23b-4579-9e7d-91cb4304eccb,Brent Prices Retreat below $70 as OPEC+ Mulls Another Output Hike,8,"브렌트유 가격이 70달러 아래로 하락하며 OPEC+가 생산 증가를 고려하는 가운데, 이라크 쿠르드스탄 지역에서 추가 공급이 예상되고 있음",-0.1,https://oilprice.com/Energy/Crude-Oil/Brent-Prices-Retreat-below-70-as-OPEC-Mulls-Another-Output-Hike.html,"Sep 29, 2025 at 06:53",,"[16.644758224487305, 3.687307834625244, -0.722357451915741, 0.46876853704452515, 0.07466837763786316, -0.8818302154541016, -1.0303621292114258, -0.5345497131347656, -0.30322569608688354, -0.91476970911026, -0.35729625821113586, 0.5073117613792419, -0.586663007736206, -0.231052964925766, 0.48118966817855835, 0.9466491937637329, 0.31663811206817627, -0.8618718385696411, -0.37942054867744446, 0.5763400197029114, 0.28040656447410583, 0.08244135975837708, -0.6837915182113647, -0.09631851315498352, 0.2450423240661621, 0.5857842564582825, -0.27369198203086853, 0.3192290961742401, -0.28371912240982056, 0.32327815890312195, 0.016256466507911682, 0.28084102272987366, -0.6899237632751465, -0.5198248028755188, 0.23065593838691711, -0.3231930136680603, -0.3064069151878357, -0.07893528044223785, -0.09117412567138672, 0.23225700855255127, -0.05964282900094986, 0.1979430615901947, -0.21687689423561096, -0.13263261318206787, -0.010224640369415283, -0.5380419492721558, -0.21553581953048706, 0.3579747676849365, -0.08602720499038696, -0.057481661438941956, -0.16236558556556702, 0.2492198944091797, -0.04094325006008148, -0.4244498014450073, 0.17116308212280273, -0.07606641948223114, 0.37908512353897095, 0.529334545135498, -0.04889702796936035, -0.16742515563964844, -0.09158116579055786, -0.12438198924064636, 0.037774935364723206, 0.20195773243904114]"
4196e53e-9b95-4fb7-afc2-6fd681871e26,Iran’s Crude Builds as Tankers Drift in Limbo,8,"미국이 이란과 중국을 겨냥하여 제재를 강화하면서 이란의 원유가 중국으로의 공급이 중단되고 있는 상황. 중국의 이란 원유 수입이 감소하고 있으며, 미국의 제재로 중국의 대형 정유업체들이 이란과의 거래에 대해 점점 더 신중해지고 있다.",-0.1,https://oilprice.com/Energy/Crude-Oil/Irans-Crude-Builds-as-Tankers-Drift-in-Limbo.html,"Aug 08, 2025 at 13:43",,"[17.441118240356445, -0.1797012835741043, 2.0016164779663086, -0.6658252477645874, -0.42726385593414307, 1.0524518489837646, -0.4030846655368805, 0.2600545287132263, 0.16222739219665527, 0.7612360119819641, 0.6407577991485596, -0.22664345800876617, -0.5625759959220886, 0.16938212513923645, 0.9501146078109741, -0.16897130012512207, 0.545371949672699, -0.2505522072315216, 0.17467473447322845, -0.5364854335784912, 0.9236521124839783, 0.20231673121452332, -0.08301380276679993, 0.21780437231063843, -0.08812502771615982, 0.2269478291273117, -0.21511894464492798, 0.058236539363861084, -0.1518903374671936, -0.0763099193572998, 0.058701932430267334, -0.24984991550445557, 0.04602953419089317, 0.06370678544044495, 0.10650677978992462, 0.10561323165893555, -0.15668843686580658, 0.14912593364715576, -0.5554079413414001, -0.11476604640483856, 0.13416531682014465, 0.11982062458992004, -0.27411994338035583, -0.41879841685295105, 0.3009148836135864, -0.013369262218475342, 0.12437379360198975, 0.18232718110084534, -0.16776730120182037, 0.33834946155548096, 0.054127663373947144, 0.12014245986938477, -0.24454094469547272, -0.04679151624441147, 0.07905182242393494, -0.16892951726913452, -0.11751565337181091, -0.470276415348053, -0.10557547211647034, 0.18376454710960388, -0.1804128736257553, -0.21322575211524963, 0.17565953731536865, 0.17351451516151428]"
d8a06425-c8a3-4539-afe9-f59901e4128c,Oil Demand Growth Faces Significant Headwinds,8,"미국 에너지 정보국(EIA)의 최근 전망에 따르면 세계의 석유 수요 성장이 크게 둔화될 것으로 예상되며, 이는 세계 경제의 둔화와 아시아 지역의 석유 수요 감소로 이어지고 있음.",-0.1,https://oilprice.com/Energy/Crude-Oil/Oil-Demand-Growth-Faces-Significant-Headwinds.html,"May 28, 2025 at 09:50",,"[17.0529842376709, 1.894576072692871, -0.464847594499588, 1.4914966821670532, 0.8713259696960449, 0.33497029542922974, 0.5000055432319641, -0.678600013256073, -0.46612223982810974, 0.5813801288604736, -0.3103698492050171, -1.5013186931610107, 0.6718202829360962, 0.35569876432418823, 0.25476619601249695, -0.04689100384712219, 0.6379838585853577, -0.39617034792900085, 0.5419443249702454, 0.2416841685771942, 0.8894171714782715, -0.16909953951835632, -0.2911882996559143, -0.5565172433853149, 0.37178003787994385, 0.23212942481040955, 0.4366114139556885, 0.31199613213539124, 0.4107142984867096, -0.6805860996246338, -0.22981324791908264, -0.15737533569335938, 0.40640294551849365, -0.1980498731136322, -0.09572674334049225, 0.193200945854187, 0.528255045413971, -0.11090517044067383, -0.05786430835723877, 0.45541536808013916, -0.00039139389991760254, 0.1059841588139534, 0.18305093050003052, 0.19139724969863892, -0.21710669994354248, -0.26345181465148926, 0.46990516781806946, 0.36904454231262207, 0.08119602501392365, 0.03864240273833275, 0.03541736304759979, 0.1344704031944275, 0.045923471450805664, 0.14400053024291992, 0.6989210844039917, 0.2994048595428467, 0.3236992359161377, -0.09430855512619019, 0.010605394840240479, -0.22048303484916687, 0.06077827513217926, -0.3286536633968353, -0.40779298543930054, 0.1024317741394043]"
e2bf5d4b-b56d-42c6-b285-63d5f9d685eb,Iran Targets Dramatic Output Increase From Oil Fields Bordering Iraq,9,"이란은 이라크와 경계를 이루는 석유 분야에서의 생산량을 대폭 증가시키는 것을 목표로 하고 있으며, 이는 이란의 경제 악화에 대한 대응책 중 하나로 볼 수 있다.",0.7,https://oilprice.com/Energy/Crude-Oil/Iran-Targets-Dramatic-Increase-From-Oil-Fields-Bordering-Iraq.html,"Apr 02, 2025 at 13:49",,"[17.318378448486328, 0.2954886555671692, 0.21624061465263367, 0.5402931571006775, 0.9040529727935791, 1.3972101211547852, -0.13182109594345093, 0.7071586847305298, -0.038330793380737305, -0.05931869149208069, 0.0032728910446166992, 0.8091710209846497, 0.1254858672618866, -0.5316466093063354, -0.6784605979919434, -0.6554393768310547, 0.2748507261276245, -0.45355531573295593, 0.6557059288024902, 0.26442885398864746, 0.01883263885974884, 0.2885694205760956, 0.4292490780353546, -0.2814556360244751, 0.21279095113277435, 0.047822121530771255, 0.17584529519081116, 0.3866179287433624, -0.05328384041786194, -0.20550844073295593, -0.23096120357513428, 0.173181414604187, 0.34016427397727966, 0.5137867331504822, 0.42106738686561584, 0.03632578253746033, 0.5969388484954834, 0.39542141556739807, -0.6101028919219971, 0.2822374701499939, 0.08881291002035141, -0.2962251901626587, 0.07728153467178345, -0.4167858958244324, 0.032074809074401855, -0.2669643461704254, 0.32397472858428955, -0.02816941775381565, -0.15113359689712524, -0.528853714466095, -0.01579613983631134, -0.10382071882486343, -0.4662136137485504, -0.024376481771469116, 0.11924421787261963, 0.11337695270776749, 0.06749275326728821, 0.2377476990222931, 0.2290455400943756, 0.06570790708065033, -0.26216399669647217, -0.2207135260105133, -0.20164981484413147, 0.37211811542510986]"
d3e59118-6d18-417a-b5b8-3b8358e34b49,India Set to Tap Vast Oil Reserves With Multi-Billion Dollar Investments,9,"인도는 대규모 투자를 통해 방대한 석유 비축지를 개발할 예정이며, 미국의 강경한 관세 정책에 대응하기 위해 국내 산업을 강화하고 지역 생산을 증가시킬 것으로 전망된다.",0.7,https://oilprice.com/Energy/Crude-Oil/India-Set-to-Tap-Vast-Oil-Reserves-With-Multi-Billion-Dollar-Investments.html,"Mar 24, 2025 at 15:09",,"[17.399295806884766, -1.3355293273925781, 0.5132161974906921, 0.44144800305366516, -0.7215692400932312, 0.9784719944000244, -0.24214328825473785, 0.2669944167137146, 0.014864861965179443, 0.10651803016662598, 0.31126219034194946, 1.2391084432601929, -0.08454731106758118, -0.3382757902145386, -0.5427456498146057, 0.276003360748291, 0.07289934158325195, 0.7255269289016724, -0.5445703268051147, -0.48860204219818115, -0.0900728702545166, 0.5106960535049438, 0.2076737880706787, -0.22685277462005615, -0.31390830874443054, 0.04216645658016205, 0.08494749665260315, 0.0352923646569252, -0.21250517666339874, -0.34633755683898926, 0.07647539675235748, -0.0005064010620117188, -0.07975949347019196, 0.07867519557476044, 0.6100867986679077, -0.043161749839782715, 0.0008901059627532959, 0.10268115997314453, 0.166020005941391, -0.1880875527858734, 0.30759260058403015, -0.12450799345970154, 0.06848582625389099, 0.4155725836753845, 0.36313825845718384, 0.3167077302932739, 0.0488416850566864, 0.032676227390766144, 0.14862212538719177, -0.13786476850509644, -0.09212760627269745, 0.4845779538154602, -0.16795068979263306, 0.1515374481678009, -0.3156503140926361, -0.3872896432876587, 0.029168009757995605, -0.0592140257358551, 0.24955648183822632, -0.025418296456336975, 0.06936115771532059, -0.28869181871414185, -0.038599997758865356, 0.2102842479944229]"
b519d98b-bf4f-4c1e-8882-23f2b46ab797,At What Oil Price Will Shale Drillers Stop Drilling?,9,트럼프 대통령의 당선 여부에 따라 국내 유가 산업에 영향을 미칠 것으로 예상됨,0.7,https://oilprice.com/Energy/Crude-Oil/At-What-Oil-Price-Will-Shale-Drillers-Stop-Drilling.html,"Oct 01, 2024 at 18:13",,"[16.737438201904297, 0.014847353100776672, -2.3498528003692627, -2.4594316482543945, -0.12813150882720947, -0.8391584157943726, 1.9086072444915771, 0.17967888712882996, -1.1199930906295776, -1.05744469165802, 0.8242396116256714, 0.453189492225647, -0.2810823321342468, -1.002217411994934, 0.6970850825309753, -0.3539930582046509, -0.47779273986816406, 0.6626482605934143, 0.6025434136390686, -0.10821565985679626, -0.27201443910598755, 0.6214075088500977, -0.2197687029838562, -0.3140648901462555, -0.033618323504924774, 0.0001773834228515625, -0.16912192106246948, 0.3043579161167145, -0.401591956615448, 0.17384576797485352, -0.45682385563850403, -0.37285366654396057, -0.6694846153259277, 0.5109251737594604, 0.12675735354423523, -0.6149123311042786, 0.011254161596298218, -0.0153445303440094, 0.1642000675201416, 0.31590259075164795, -0.07147502899169922, 0.26287734508514404, -0.06969061493873596, -0.3906364440917969, 0.29027777910232544, -0.07478535920381546, -0.32781365513801575, 0.2436857521533966, -0.36232665181159973, 0.26702049374580383, 0.470303475856781, 0.13721030950546265, 0.08312641829252243, 0.4918643534183502, 0.33280670642852783, 0.03527584671974182, 0.23233765363693237, -0.12790539860725403, -0.001662135124206543, 0.5171584486961365, -0.34341028332710266, -0.5929225087165833, 0.05198456346988678, 0.02407120168209076]"
c270a46e-beaf-49f1-b1a7-a2ea56d5916b,"WTI Crude Soars to Highest Level Since April on Demand Optimism, Hurricane Beryl",9,미국의 텍사스 경유(WTI) 원유가 4월 이후 최고치를 기록하며 수요 증가와 허리케인 베릴로 인한 공급 중단 우려가 높아졌다.,0.7,https://oilprice.com/Energy/Crude-Oil/WTI-Crude-Soars-to-Highest-Level-Since-April.html,"Jul 02, 2024 at 09:26",,"[17.317424774169922, 0.6010323166847229, 1.3155046701431274, -0.4290415048599243, -0.383446604013443, -1.4393701553344727, 0.14802466332912445, 0.5185539722442627, 0.4191775918006897, -0.02689962089061737, -0.6169449687004089, -1.3622300624847412, 0.7042235732078552, -0.17507430911064148, -0.7669558525085449, 0.4338395595550537, -0.24091002345085144, -0.37938937544822693, 0.1376105099916458, 0.2461112141609192, 0.020599573850631714, -0.2770572602748871, -0.62018221616745, 0.3116634786128998, 0.5537629127502441, -0.407277375459671, 0.2292306274175644, -0.1795252114534378, -0.11194735765457153, -0.2368452548980713, -0.3882197141647339, -0.5510268211364746, -0.0014073103666305542, 0.21068748831748962, -0.04306653141975403, 0.3214508295059204, -0.1518913209438324, 0.07116585224866867, 0.11689755320549011, 0.30308976769447327, 0.3821132481098175, -0.06728869676589966, 0.1693674921989441, 0.09818446636199951, 0.16812880337238312, 0.07424041628837585, -0.14917400479316711, 0.5720992684364319, 0.08000949025154114, 0.055747658014297485, 0.10302944481372833, 0.40572571754455566, 0.2668101191520691, -0.2571147084236145, 0.16966372728347778, 0.042829956859350204, -0.1567380130290985, -0.5040683150291443, -0.2572011649608612, 0.30288025736808777, 0.10271941870450974, 0.2131052017211914, 0.22709903120994568, 0.20737862586975098]"
54a34621-5c89-4ea3-9a40-b68d70e19290,Will Namibia Become OPEC’s Newest Member?,9,"나미비아가 OPEC의 최신 회원이 될 것인가에 대한 논의가 진행 중이며, 나미비아는 2030년에 700,000 bpd의 원유 생산 능력을 갖추고 있음. 나미비아의 원유 자원 발견으로 OPEC의 새로운 회원이 될 가능성이 높아지고 있음.",0.7,https://oilprice.com/Energy/Crude-Oil/Will-Namibia-Become-OPECs-Newest-Member.html,"Apr 19, 2024 at 09:52",,"[16.89325523376465, -1.7643400430679321, 2.1723926067352295, 1.5188943147659302, 1.3246521949768066, -1.1374891996383667, 0.6373528242111206, 2.0009419918060303, 0.5034555792808533, -0.7864536046981812, 0.39559102058410645, 0.3992927372455597, -0.3202580213546753, 0.781787633895874, 0.5633239150047302, -0.8729614615440369, -0.01397654414176941, 0.6024739742279053, 0.19208374619483948, -1.294967770576477, 0.9196176528930664, 0.12487170100212097, -0.04197024554014206, -0.2901029884815216, 0.5245519280433655, 0.010575249791145325, 0.16790683567523956, 0.30154505372047424, 0.5559935569763184, 0.4404694736003876, -0.1755257546901703, 0.33894219994544983, -0.07418627291917801, -0.5459519028663635, -0.31038135290145874, -0.23351794481277466, -0.7048730254173279, -0.04548405855894089, -0.21635231375694275, -0.24321526288986206, -0.09452523291110992, -0.4407306909561157, -0.481815367937088, 0.21168917417526245, -0.059539392590522766, -0.1177913248538971, 0.0816211998462677, -0.0017577074468135834, 0.03538403660058975, 0.2961255609989166, 0.17031407356262207, 0.19120657444000244, 0.3747342824935913, 0.32233119010925293, 0.20772281289100647, 0.5374692678451538, -0.17691752314567566, 0.09769219160079956, -0.3370055854320526, -0.3613451421260834, -0.13864149153232574, 0.05037486553192139, -0.06712427735328674, 0.14050327241420746]"
9367b804-0314-41b1-b8bc-3be8cbcbab38,Oil Prices Sink as Tanker Traffic Highlights Supply Surge,10,국제 유가 급락으로 인해 선박 운송량이 급증하고 공급 과잉으로 인한 유가 하락이 예상되는 상황,-0.6,https://oilprice.com/Energy/Crude-Oil/Over-12-Billion-Barrels-of-Oil-Move-As-Supply-Grows.html,"Oct 20, 2025 at 09:12",,"[15.910640716552734, 3.5999832153320312, 3.503042221069336, -3.8218917846679688, 2.0869712829589844, 0.2481238842010498, 0.7700818777084351, -0.016564801335334778, 1.782236099243164, -0.4142521619796753, 0.028539307415485382, 0.4181421995162964, 0.7664740085601807, 0.8487125039100647, -0.22642092406749725, 0.709889829158783, -0.3135856091976166, -0.19570392370224, 0.4673417806625366, 0.20075015723705292, 0.29857581853866577, 0.8262231349945068, -0.907034695148468, -0.8389266729354858, 0.3425024151802063, -0.4551738500595093, 0.6165621280670166, 0.9773802757263184, 0.3639938235282898, -0.1823633313179016, 0.19461238384246826, -0.12231689691543579, -0.019701272249221802, -0.5216418504714966, -1.109978199005127, -0.11508339643478394, 0.37707942724227905, 0.4135648012161255, 0.038952067494392395, 0.1854744553565979, 0.3627549707889557, -0.2715752422809601, 0.001177281141281128, 0.3449481725692749, 0.6162673234939575, -0.5162728428840637, -0.21387016773223877, -0.17922872304916382, -0.14792077243328094, -0.03275364637374878, -0.1628297120332718, -0.07258999347686768, 0.7807811498641968, 0.6244627237319946, -0.09676945209503174, -0.10074695944786072, -0.03255420923233032, 0.20739157497882843, -0.0005754232406616211, -0.024043887853622437, -0.6110898852348328, -0.1621154546737671, -0.10384196043014526, -0.3369876742362976]"
32a18206-888b-4f1f-ae92-deab4ac291da,Oil Prices Slip As Crude Inventories Jump,10,"에너지 정보 행정이 5월 6일까지 8.5백만 배럴 증가한 원유 재고를 보고하여 원유 가격이 약간 하락했으며, 휘발유 및 중간 증류물 재고가 감소하고 있어 가격이 상승하는 추세",-0.6,https://oilprice.com/Energy/Crude-Oil/Oil-Prices-Slip-As-Crude-Inventories-Jump.html,"May 11, 2022 at 09:36",,"[16.934123992919922, 1.1955149173736572, 3.0955209732055664, -0.2323760837316513, 2.578591823577881, 0.7560063004493713, 0.5306203365325928, -0.3173089623451233, -0.03147125244140625, -0.9939643144607544, -0.06115354597568512, 0.3825092017650604, 0.8968082666397095, 0.08997911214828491, -0.17988739907741547, 0.3979363441467285, -0.593454897403717, 1.0397887229919434, -0.5446346402168274, 0.1260000765323639, 0.01671166718006134, 0.2379184365272522, -0.04210145026445389, -0.38547009229660034, 0.06096622720360756, 0.5587443709373474, 0.27771759033203125, -0.512866199016571, 0.462009072303772, -0.41000834107398987, 0.8331027030944824, 0.05966418981552124, 0.37983089685440063, -0.16582812368869781, -0.5567339658737183, -0.4198530316352844, 0.14252151548862457, 0.2710377275943756, 0.036949656903743744, 0.3054969012737274, 0.20719195902347565, -0.3093686103820801, -0.23593348264694214, -0.21979206800460815, -0.11873339116573334, -0.0001038089394569397, -0.22274644672870636, 0.020090192556381226, -0.12166677415370941, 0.08953794836997986, 0.1972455531358719, 0.12645965814590454, -0.15333020687103271, 0.48095110058784485, 0.052270203828811646, 0.013968035578727722, 0.15932899713516235, -0.041527628898620605, 0.2544296979904175, 0.24856042861938477, 0.09914232790470123, -0.05402195453643799, 0.27811047434806824, 0.17050935328006744]"
050f1039-86c1-4273-bfb0-7fd916a4572a,Oil Rises As UAE Backtracks On OPEC Output Boost Statement,10,"UAE가 OPEC 생산 증가 발언을 철회하며 유가 상승, 미국과의 협의 거부",-0.6,https://oilprice.com/Energy/Crude-Oil/Oil-Rises-As-UAE-Backtracks-On-OPEC-Output-Boost-Statement.html,"Mar 10, 2022 at 08:11",,"[16.21954917907715, 2.1142611503601074, -1.3266818523406982, -3.5579354763031006, 0.7882262468338013, 0.5912708044052124, 0.8754746913909912, 0.9547911286354065, 0.3048527240753174, -1.1802352666854858, -0.9816644191741943, -0.26961368322372437, 1.1587085723876953, -0.22502732276916504, 0.6699760556221008, -0.10425533354282379, -0.26143160462379456, 0.9378684163093567, -0.7328729033470154, -0.9325473308563232, -0.6924906373023987, 1.4354655742645264, -0.22303901612758636, 1.2286330461502075, -0.41734176874160767, -0.44382476806640625, -0.2513209581375122, 0.2138282060623169, 0.22164687514305115, 0.045262664556503296, 0.1307145357131958, 0.34012511372566223, 0.15849196910858154, 0.5707184076309204, 0.33955827355384827, -0.09876903891563416, 0.8208409547805786, 0.15658237040042877, 0.4167005121707916, -0.06745818257331848, -0.10218042135238647, 0.083062544465065, -0.2803165316581726, -0.2113591432571411, -0.03903817757964134, 0.10804365575313568, 0.31887951493263245, -0.3879905343055725, -0.4102422595024109, 0.8380535840988159, -0.3267401456832886, -0.06627784669399261, -0.4805613160133362, -0.217502161860466, 0.018563300371170044, 0.010720118880271912, 0.2379397749900818, -0.4161698818206787, 0.16590368747711182, -0.2300632894039154, -0.09292877465486526, 0.22522522509098053, -0.07159888744354248, 0.3228129744529724]"
0f1439be-da67-4220-8b50-f7538df4e051,"Oil Retreats On Rising U.S. Crude Stockpiles, Iranian Nuclear Talks",10,미국 상업 원유 재고 증가와 이란 핵 협상 재개 발표로 인해 국제 Brent Oil 가격 하락,-0.6,https://oilprice.com/Energy/Crude-Oil/Oil-Retreats-On-Rising-US-Crude-Stockpiles-Iranian-Nuclear-Talks.html,"Oct 28, 2021 at 08:59",,"[16.29581069946289, 4.720984935760498, 2.4503252506256104, -1.7177510261535645, 0.9269440770149231, 0.3092139959335327, 0.5955942273139954, 0.6765812635421753, 1.3486833572387695, -0.2213589996099472, -0.01788543164730072, 0.23519214987754822, 0.44047045707702637, 0.3026891350746155, -0.3101402521133423, 0.2536911964416504, -0.16550776362419128, 0.7775846123695374, -0.14113609492778778, -0.3517000675201416, -0.5134895443916321, 0.03887161612510681, -0.31391483545303345, 0.6372916102409363, -0.019909974187612534, 0.5339494943618774, 0.016709893941879272, 0.4544563591480255, 0.02228105068206787, 0.2198655605316162, -0.17802023887634277, -0.2245916724205017, 0.19301842153072357, 0.12838298082351685, 0.21603800356388092, 0.0747663676738739, 0.4471071660518646, -0.06343413889408112, -0.3920135796070099, -0.10640718787908554, 0.08632394671440125, -0.4087432026863098, -0.39561885595321655, 0.3444303572177887, 0.13683854043483734, -0.9058277606964111, 0.582832932472229, 0.20264190435409546, 0.004784903489053249, 0.06301901489496231, -0.3692088723182678, 0.14827749133110046, -0.12795664370059967, -0.3820728063583374, 0.1390998661518097, 0.19429540634155273, 0.16145378351211548, -0.277921199798584, 0.04414409399032593, 0.6036921143531799, -0.07771412283182144, 0.343517005443573, -0.14531449973583221, -0.026594117283821106]"
915e262e-ee93-4eb9-bc0a-1fd15f8057c6,A Successful Energy Transition Will Need Oil Demand Destruction,10,에너지 전환의 성공을 위해선 석유 수요 감소가 필요하다는 주장,-0.6,https://oilprice.com/Energy/Crude-Oil/A-Successful-Energy-Transition-Will-Need-Oil-Demand-Destruction.html,"Oct 11, 2021 at 13:33",,"[16.472076416015625, 3.276350975036621, 2.1359477043151855, -3.698498487472534, 1.5290781259536743, 0.27417123317718506, 1.2587170600891113, -0.9323904514312744, 0.6285015940666199, -0.27962762117385864, 0.7610041499137878, -0.10549233853816986, 0.9862004518508911, 1.3711414337158203, 0.352963924407959, 0.3433622121810913, -0.3775390088558197, 0.03341163694858551, -0.31769511103630066, 0.3796256184577942, -0.0025587081909179688, -0.3127070367336273, -0.33143937587738037, -0.6550264954566956, -0.4492686092853546, -0.3080587387084961, 0.3305037021636963, 0.40063804388046265, 0.5980826020240784, 0.6238325834274292, -0.01103837788105011, -0.08608776330947876, -0.11617252230644226, -0.13384808599948883, -0.285633385181427, 0.3689979910850525, 0.2431899756193161, -0.04763762652873993, 0.1433659791946411, 0.2908765971660614, -0.2163800150156021, -0.18539434671401978, 0.26920419931411743, 0.22931933403015137, -0.22603252530097961, -0.1633516252040863, 0.3168570101261139, -0.013881444931030273, -0.11224722117185593, 0.07442297041416168, 0.10713624954223633, -0.11533667147159576, 0.1426919400691986, 0.7006658315658569, -0.31057095527648926, -0.31742745637893677, -0.16278907656669617, 0.03588537871837616, -0.19898515939712524, -0.05842067301273346, -0.29837536811828613, -0.04131308197975159, -0.20113874971866608, -0.2605688273906708]"
58570e31-5b21-4529-8ca9-75b1848a479e,Oil Prices Dip as Trump-Putin Summit Looms,11,"미국과 러시아의 정상회담 소식으로 국제 유가가 하락하며 공급 과잉 우려가 커지고, 유가는 하락세를 보이고 있다.",-0.6,https://oilprice.com/Energy/Crude-Oil/Oil-Prices-Dip-as-Trump-Putin-Summit-Looms.html,"Oct 17, 2025 at 01:40",,"[17.411502838134766, -0.6727196574211121, 0.5232477188110352, -0.30622154474258423, -0.9301871061325073, -0.723267674446106, 0.28999048471450806, -0.28034189343452454, 1.7916929721832275, -0.2356543242931366, -0.8050090074539185, -0.13772597908973694, -0.5626016855239868, -0.345443457365036, -0.49170154333114624, 0.5064812898635864, 0.38581594824790955, -0.3918321132659912, 0.2167186588048935, 0.09592387825250626, -0.547584593296051, 0.6203123927116394, -0.474525511264801, 0.587739109992981, 0.7206882834434509, -0.1189195066690445, 0.2983759045600891, -0.1864868402481079, 0.040372371673583984, 0.08091148734092712, 0.04836919903755188, 0.07450607419013977, 0.13447949290275574, 0.1790524274110794, 0.16000431776046753, 0.10291439294815063, 0.17372287809848785, 0.0318731889128685, -0.17906688153743744, 0.39880943298339844, 0.14344044029712677, 0.16478939354419708, -0.18406054377555847, -0.025915443897247314, 0.027340948581695557, -0.15549792349338531, -0.03901152312755585, 0.14465925097465515, -0.08580002188682556, -0.06622710824012756, -0.08678998798131943, -0.3743188679218292, -0.30768269300460815, -0.14452345669269562, -0.10755038261413574, -0.17124776542186737, -0.1573796272277832, 0.09628236293792725, 0.38832396268844604, -0.16499486565589905, -0.048567552119493484, -0.11115224659442902, -0.23142240941524506, 0.08112373948097229]"
1f2ea7bb-2120-4ce7-9fa4-36f54bca5eb6,Gunvor Chief Says Oil Oversupply Is Finally Taking Shape,11,"국제 유가 시장에서 오랫동안 예언된 원유 과잉이 실현되고 있으며, Gunvor Group CEO는 시장이 긴장 상태에서 과잉 상태로 전환되고 있다고 전망하고 있습니다.",-0.6,https://oilprice.com/Energy/Crude-Oil/Gunvor-Chief-Says-Oil-Oversupply-Is-Finally-Taking-Shape.html,"Oct 14, 2025 at 11:42",,"[17.042465209960938, -0.10786406695842743, -0.08237302303314209, 0.39346134662628174, 2.2633399963378906, -0.1089053750038147, 0.4329673647880554, -1.2989819049835205, -0.8403899669647217, 1.7759016752243042, -0.21113942563533783, -0.5417311191558838, 0.41611248254776, -0.3367387056350708, 0.5514013171195984, -0.10955867171287537, -0.33383411169052124, -0.04181383177638054, -0.16702315211296082, 0.0594707652926445, -0.13394170999526978, -0.2269856035709381, 0.012173548340797424, -0.1263001561164856, 0.44045907258987427, -1.1619105339050293, 0.5675976276397705, -0.21510308980941772, -0.14900678396224976, -0.29708483815193176, -1.1582943201065063, -0.013056427240371704, 0.19526293873786926, 0.19317352771759033, 0.10060027241706848, -0.17268425226211548, -0.5905073285102844, -0.22471384704113007, -0.5240921974182129, 0.05604815110564232, 0.49667662382125854, 0.4691137671470642, 0.02773153781890869, 0.38253670930862427, -0.40936586260795593, -0.18964745104312897, -0.6296839714050293, 0.333789587020874, 0.13783983886241913, 0.2885313928127289, -0.019194796681404114, 0.30734002590179443, 0.09719671308994293, -0.22124029695987701, -0.43186917901039124, 0.022671230137348175, -0.09124881029129028, -0.3762620985507965, -0.3618570566177368, 0.3861508369445801, -0.054690320044755936, 0.12586963176727295, -0.12775349617004395, 0.4588432013988495]"
87c13eb3-14c6-45b6-b685-649a6169f759,Supermajors Slim Down to Protect Shareholder Payouts,11,"국제 석유 및 가스 기업들이 비용 절감과 효율성 강화를 위해 인력 감축을 가속화하고 있으며, 이로 인해 산업 구조조정, 약화된 유가, 기술 발전 등이 진행 중이다.",-0.6,https://oilprice.com/Energy/Crude-Oil/Supermajors-Slim-Down-to-Protect-Shareholder-Payouts.html,"Oct 02, 2025 at 08:58",,"[17.326021194458008, -0.23722276091575623, 1.5342202186584473, -1.3230249881744385, 1.1463570594787598, 1.840371012687683, 0.1265232115983963, -0.011832404881715775, 1.0918147563934326, -0.01454836130142212, 0.09566572308540344, -0.020974501967430115, 0.0927218496799469, 0.11408919095993042, 0.3994380235671997, -0.5765413641929626, -0.14569887518882751, -0.2898034453392029, -0.6785866618156433, -0.4486277401447296, 0.17903174459934235, 0.18940109014511108, 0.019322432577610016, 0.6675671339035034, -0.07542640715837479, -0.23485484719276428, 0.12993223965168, 0.02633994072675705, 0.0011798739433288574, -0.39278677105903625, 0.7685258388519287, 0.008569121360778809, 0.30054059624671936, -0.2609756290912628, 0.17460259795188904, 0.200807124376297, 0.14028024673461914, 0.12967516481876373, 0.3535494804382324, 0.2408566027879715, 0.13163912296295166, -0.028499014675617218, -0.15081211924552917, 0.003615140914916992, -0.023924022912979126, -0.1363363265991211, -0.26668399572372437, -0.30050021409988403, -0.27292704582214355, 0.24775764346122742, 0.21062588691711426, 0.05237385630607605, 0.25548383593559265, 0.012300729751586914, 0.1915965974330902, 0.1121562123298645, -0.14622700214385986, -0.12276794016361237, -0.3941435217857361, -0.3657517433166504, -0.09027927368879318, -0.0162423737347126, 0.10802608728408813, -0.08241409063339233]"
d2ebd437-57f3-40cd-add3-69282c4ef163,Malaysia’s Petronas Flags Challenges as Profit and Production Slump,11,"말레이시아의 국영 에너지 기업 Petronas가 원유 가격 하락과 어려운 경영 환경으로 수익과 생산량이 감소했으며, 2025년 상반기 원유 및 가스 생산량이 3% 감소했다.",-0.6,https://oilprice.com/Energy/Crude-Oil/Malaysias-Petronas-Flags-Challenges-as-Profit-and-Production-Slump.html,"Sep 01, 2025 at 10:01",,"[17.01854705810547, 0.48632001876831055, 2.152398109436035, 0.6046268343925476, 1.2328805923461914, -0.19550776481628418, 1.3866400718688965, 1.4671441316604614, 1.0704801082611084, -0.3718526065349579, -0.31197258830070496, 0.2438661754131317, 1.0959495306015015, -0.21351000666618347, -0.13066084682941437, 0.1998169720172882, 0.6487098336219788, -0.8146063089370728, 0.06470707058906555, 0.06429828703403473, 0.563943088054657, 0.4452054500579834, -0.5004757642745972, 0.8468688726425171, -0.0117281973361969, -0.5513818860054016, 0.14422151446342468, 0.11052954196929932, -0.45570313930511475, -0.08154657483100891, -0.22005313634872437, 0.9840615391731262, 0.12436554580926895, -0.159786656498909, -0.04620189592242241, 0.3913456201553345, -0.21726244688034058, 0.21241244673728943, -0.20284618437290192, -0.18236522376537323, 0.008340701460838318, 0.04381522908806801, -0.3929175138473511, -0.13931727409362793, -0.007204070687294006, -0.30088314414024353, -0.4673387110233307, 0.140862375497818, -0.5371490716934204, 0.7074733376502991, -0.022023038938641548, 0.04753872752189636, -0.20844143629074097, 0.18472662568092346, 0.3020167052745819, 0.5222894549369812, -0.3667580485343933, -0.018171042203903198, -0.22204476594924927, 0.2340208739042282, -0.4100068509578705, 0.21741874516010284, 0.11933633685112, -0.09144444763660431]"
6309bc82-58a3-40dc-8d49-82c82c7a672e,China’s Overcapacity Forces Painful Petrochemicals Reset,11,중국의 과잉생산으로 인한 페트로화학 산업의 고통과 리셋이 필요하다. 중국 정부는 과잉 생산 시설 폐쇄 및 업그레이드를 통해 특수 화학물질에 초점을 맞추고 있다.,-0.6,https://oilprice.com/Energy/Crude-Oil/Chinas-Overcapacity-Forces-Painful-Petrochemicals-Reset.html,"Aug 28, 2025 at 11:08",,"[17.3262939453125, -1.5530595779418945, 1.488870620727539, -0.2439749836921692, -1.3478529453277588, -0.25693655014038086, -0.7772191762924194, 0.8235593438148499, -0.42821550369262695, 1.0164432525634766, 1.0897314548492432, 0.9074610471725464, 0.011649012565612793, 0.6269500255584717, -0.14155203104019165, 0.24525058269500732, 0.22149524092674255, -0.1513633280992508, 0.18639668822288513, -0.3768005967140198, -0.29087185859680176, 0.21132276952266693, -0.22717490792274475, -0.2822394073009491, -0.5464853048324585, -0.272901713848114, 0.31172022223472595, 0.3311466574668884, -0.015849322080612183, 0.025409221649169922, -0.11128455400466919, -0.1158025860786438, -0.3307621479034424, 0.7271031737327576, 0.024545490741729736, 0.05409249663352966, 0.22555705904960632, -0.4728192090988159, 0.37997549772262573, -0.12438099086284637, 0.2260664999485016, 0.2020495980978012, -0.21125894784927368, -0.4140787720680237, -0.06315596401691437, -0.06340012699365616, -0.4980531632900238, 0.3198353052139282, 0.07948274910449982, -0.13842979073524475, -0.042738333344459534, 0.32540416717529297, 0.0022113732993602753, 0.049727946519851685, -0.14076215028762817, -0.16136063635349274, -0.16506318747997284, 0.19066786766052246, -0.07603627443313599, -0.2908286452293396, 0.10577328503131866, -0.35812991857528687, 0.2500779628753662, -0.1360977292060852]"
d442977a-4674-4dd8-ad58-0d6d2a074869,Oil Moves Lower Despite Significant drop in Crude Oil Inventories,12,"크루드 오일 재고량이 크게 감소했음에도 불구하고 석유는 하락했으며, 중국의 경제적 자극에 대한 열광이 사라지고 수요에 대한 비관론이 지속되었다.",-0.2,https://oilprice.com/Energy/Crude-Oil/Oil-Moves-Lower-Despite-Significant-drop-in-Crude-Oil-Inventories.html,"Sep 25, 2024 at 09:35",,"[17.291318893432617, -1.0866328477859497, -1.2705936431884766, -0.6393902897834778, -0.552040159702301, 0.4550750255584717, 0.009412549436092377, 0.5920180082321167, -0.4819168746471405, 0.6109759211540222, -0.2890741527080536, -0.18805164098739624, -0.5470666885375977, -0.9284999966621399, -0.10195916891098022, -0.4578220844268799, 0.3884645998477936, -0.12705163657665253, -0.3383903503417969, -0.030804067850112915, 0.07335779070854187, 0.5350715517997742, 0.12170272320508957, -0.022805094718933105, -0.01703455299139023, -0.2627541422843933, -0.5039803981781006, 0.22169040143489838, -0.14128701388835907, -0.07188299298286438, 0.17942863702774048, 0.5102430582046509, 0.2828548550605774, 0.10341649502515793, 0.6599144339561462, 0.23848199844360352, -0.27075421810150146, 0.3616235852241516, -0.25768089294433594, 0.48005005717277527, -0.28125250339508057, -0.10679058730602264, 0.3604210615158081, -0.028007566928863525, -0.22261351346969604, 0.01878330111503601, 0.13850954174995422, -0.32214173674583435, -0.10434074699878693, -0.31832411885261536, -0.03725304454565048, 0.5461629033088684, -0.2451656460762024, 0.46618640422821045, -0.10975369811058044, -0.17945413291454315, -0.19471487402915955, -0.20158696174621582, 0.36410579085350037, 0.05059405416250229, 0.053411468863487244, -0.14876355230808258, -0.25300171971321106, 0.05572187900543213]"
7856ddbb-1ef1-46d2-90da-b9359d9a3d16,How China Could Trigger The Next Sharp Selloff In Crude,12,"러시아의 우크라이나 침공으로 지정학적 리스크가 높아지고, 중국의 코로나19 대응이 석유 시장에 긴장감을 유발하며 유가 상승에 제동을 걸 수 있음",-0.2,https://oilprice.com/Energy/Crude-Oil/How-China-Could-Trigger-The-Next-Sharp-Selloff-In-Crude.html,"Jul 19, 2022 at 11:08",,"[17.072309494018555, 2.0907022953033447, 1.5684561729431152, 0.02071961760520935, 0.709518313407898, 0.23187625408172607, -0.12073826789855957, -0.9368966221809387, -0.7182835340499878, -0.8231682777404785, 0.1753949075937271, -0.4108756482601166, -0.07084649801254272, -1.2574739456176758, -0.10285353660583496, 0.5370460748672485, -0.47156035900115967, 0.11167067289352417, -0.2979814410209656, -0.18629202246665955, -0.1318914145231247, 0.16540291905403137, -0.4843745231628418, -0.2184799313545227, 0.15134970843791962, -0.13987331092357635, -0.08663983643054962, 0.8804594278335571, 0.028467580676078796, 0.3551604747772217, 0.29469823837280273, -0.2514097988605499, -0.06272345781326294, -0.0028955936431884766, 0.3724847435951233, -0.34285178780555725, -0.1580149531364441, -0.07599721103906631, 0.16712334752082825, 0.5210275053977966, 0.44824957847595215, -0.07028704136610031, -0.12752628326416016, 0.3067539930343628, 0.004882007837295532, 0.014021486043930054, -0.20906856656074524, -0.09147542715072632, -0.009651318192481995, -0.3076489567756653, -0.09896455705165863, 0.04271373152732849, -0.09406164288520813, -0.2024087905883789, 0.5447969436645508, 0.3521302342414856, -0.1253177523612976, 0.13527920842170715, 0.20765888690948486, 0.13796642422676086, -0.3798837661743164, -0.03832253813743591, 0.052992209792137146, 0.04133719205856323]"
9147eb3f-8a6c-41f5-8a8c-482dcc7eed62,Oil Prices Slip On Huge Crude Inventory Build,12,"미국의 EIA 보고서에 따르면 4월 8일 주간 원유 재고가 9.4백만 배럴 증가하여 국제 Brent 유가가 하락하였으나, 이로 인해 가격은 크게 하락하지 않았다. 미국과 IEA는 유가 안정을 위해 6개월 동안 총 240백만 배럴의 원유를 방출할 예정이지만, OPEC은 이에 반대하며 유럽 연합의 추가 생산 요구를 거부하였다.",-0.2,https://oilprice.com/Energy/Crude-Oil/Oil-Prices-Slip-On-Huge-Crude-Inventory-Build.html,"Apr 13, 2022 at 09:37",,"[17.35775375366211, -0.5752948522567749, 1.6281381845474243, 1.6457123756408691, -0.44036927819252014, 0.6139540076255798, -0.504247784614563, 0.22942979633808136, 0.39318472146987915, -1.0957014560699463, -0.3331476151943207, 0.1865888088941574, 0.21551211178302765, 0.12725910544395447, 0.3042554259300232, -0.1471536010503769, -0.1874537169933319, -0.5437754392623901, -0.26560139656066895, -0.23864877223968506, -0.20363906025886536, -0.1218271553516388, 0.31665492057800293, 0.6068284511566162, -0.4570607542991638, 0.07984119653701782, 0.07456520199775696, -0.16645494103431702, -0.38911980390548706, -0.202572762966156, 0.005768589675426483, -0.3396638333797455, 0.4284449517726898, -0.15129868686199188, 0.21306787431240082, -0.2196611762046814, -0.06695479154586792, -0.11389302462339401, -0.006633013486862183, -0.16193772852420807, 0.06372072547674179, -0.6944814920425415, -0.3746912181377411, -0.24006617069244385, 0.2900002598762512, -0.3956978917121887, 0.494159072637558, 0.2099003940820694, -0.008782930672168732, 0.0974629670381546, 0.14638878405094147, 0.3379359841346741, 0.01169208437204361, 0.011850416660308838, 0.14027759432792664, -0.27130013704299927, 0.17134879529476166, -0.03429165482521057, 0.19907641410827637, 0.27140045166015625, -0.15251295268535614, -0.025072947144508362, 0.13579899072647095, 0.23203203082084656]"
ae505243-2f9b-474d-9028-0af8cc5c4d07,Mexico's Pemex Scrambles To Save Itself From Oil Price Crash,12,"멕시코의 Pemex는 석유 가격 하락에서 자신을 구하기 위해 애쓰고 있으며, 산유국들은 지출과 생산을 대폭 줄이는 반면 Pemex는 생산 증가를 약속하고 있었으나 현실에 순응하여 지출을 줄이고 있다.",-0.2,https://oilprice.com/Energy/Crude-Oil/Mexicos-Pemex-Scrambles-To-Save-Itself-From-Oil-Price-Crash.html,"Jul 20, 2020 at 13:42",,"[17.503177642822266, -0.1262466013431549, 1.459333896636963, 0.8366838097572327, -0.006367385387420654, 0.5301753282546997, -0.5892552137374878, -0.7476230263710022, 0.2193083018064499, -0.17387112975120544, 0.9387707710266113, 0.11925043165683746, 0.48998329043388367, 0.18619170784950256, -0.26888221502304077, 0.1570768654346466, -0.6571552753448486, 0.15379871428012848, -0.6354798078536987, -0.19807952642440796, -0.5202247500419617, -0.12581047415733337, 0.009961917996406555, -0.42455369234085083, 0.29823699593544006, 0.04993142932653427, 0.31574586033821106, -0.21795739233493805, -0.2233051210641861, 0.28658798336982727, 0.12480683624744415, 0.20587119460105896, 0.16373860836029053, 0.17885765433311462, 0.06733234226703644, -0.18618372082710266, 0.1782216727733612, 0.02398470975458622, 0.021798864006996155, -0.1576056331396103, -0.12754324078559875, 0.1584886759519577, 0.36376479268074036, -0.05431962013244629, -0.07204192876815796, 0.14901521801948547, 0.20457059144973755, 0.140588641166687, 0.26256775856018066, 0.03323140740394592, 0.10382089018821716, -0.08303651213645935, -0.2860587537288666, -0.18097670376300812, -0.09155002236366272, -0.20244655013084412, -0.15635991096496582, -0.004022642970085144, -0.07957130670547485, 0.007958337664604187, 0.17718732357025146, -0.06411971151828766, -0.17905378341674805, 0.010711252689361572]"
20b2421b-ea02-4c1f-89df-9f4d85254a00,Saudi Arabia Wants Record Oil Output Cuts To Last Till End 2020,12,"사우디 아라비아는 현재의 OPEC+ 생산 감산을 연장하여 시장을 지원하고자 하지만 러시아가 다시 장애물이 될 수 있음. 러시아는 현재의 감산을 유지하고 있는 것을 선호하며, 시장 수요 회복을 기다리고 있음.",-0.2,https://oilprice.com/Energy/Crude-Oil/Saudi-Arabia-Wants-Record-Oil-Output-Cuts-To-Last-Till-End-2020.html,"May 28, 2020 at 12:01",,"[17.37981414794922, -0.8974854946136475, 1.9528124332427979, 0.37133359909057617, -0.9313898086547852, -0.47187942266464233, -0.9985047578811646, -0.6222230792045593, 0.03697621822357178, -0.5389837026596069, -0.7150832414627075, 0.03306100517511368, -0.09326843917369843, 0.0932195782661438, 0.6815500259399414, 0.3149632513523102, 0.3636060655117035, -0.17002414166927338, -0.23769670724868774, -0.019594430923461914, -0.185662180185318, -0.6973989605903625, 0.4429025650024414, 0.04070046544075012, -0.3039834201335907, 0.48825839161872864, -0.4545956552028656, -0.03068399429321289, 0.053043216466903687, 0.10233208537101746, 0.18751735985279083, 0.3162268102169037, -0.13880662620067596, -0.3016473054885864, 0.21284183859825134, 0.18519192934036255, -0.18186306953430176, -0.09977247565984726, -0.1295928806066513, 0.0037441104650497437, -0.07159353047609329, 0.5093578696250916, 0.23630379140377045, 0.20260018110275269, -0.2309434562921524, 0.07888458669185638, -0.16832928359508514, 0.04677285626530647, -0.22641855478286743, -0.2899262607097626, -0.22075673937797546, -0.11093456298112869, -0.17002016305923462, -0.113681361079216, -0.10952040553092957, -0.004307935014367104, 0.10783341526985168, 0.014385342597961426, -0.25105252861976624, -0.04743638634681702, 0.2291315197944641, 0.22184300422668457, 0.029907643795013428, 0.10971246659755707]"
970d8cc9-5c9b-416a-8677-36e6d93976ec,Exxon Hits 500 Million-Barrel Oil Milestone In Guyana,13,"Exxon Mobil Corp. reaches 500 million-barrel oil milestone in Guyana, transforming the economy and boosting GDP per capita. Deepwater investments outpace shale as offshore oil boom takes off.",0.8,https://oilprice.com/Energy/Crude-Oil/Exxon-Hits-500-Million-Barrel-Oil-Milestone-In-Guyana.html,"Nov 14, 2024 at 13:11",,"[7.644876480102539, 1.0093005895614624, 5.266247749328613, 1.7717939615249634, 6.182893753051758, -5.3739848136901855, -1.8506704568862915, -2.075890064239502, 2.337672710418701, 0.9112697839736938, 1.546929121017456, -0.20458370447158813, -2.3022103309631348, 0.8744362592697144, -1.0763171911239624, -0.07565939426422119, -4.068910598754883, -1.0820438861846924, 0.04761688411235809, 0.8238095641136169, -1.0850460529327393, -0.7300094366073608, 1.1520817279815674, 3.801145076751709, -0.25517189502716064, -0.419095516204834, -4.0373125076293945, 2.174633502960205, 1.254944086074829, -1.2688205242156982, -0.22996994853019714, -0.004209153354167938, -1.4178786277770996, -2.1758041381835938, 0.5854958295822144, -0.9319862723350525, 0.751308798789978, -1.6068933010101318, -1.3169053792953491, 0.8972869515419006, -0.25697702169418335, -0.06887546926736832, 1.4311126470565796, -1.6413437128067017, 1.768326759338379, 1.3720457553863525, 0.02963581681251526, -1.7351644039154053, -0.9713785648345947, 0.9706972241401672, 1.8670427799224854, -0.14121758937835693, 0.32321637868881226, -1.3629809617996216, -0.9076720476150513, 0.08534930646419525, -0.09684790670871735, -0.7271755933761597, 0.9605048894882202, -0.0590667724609375, -0.6747546792030334, -0.3335281014442444, 0.4293726682662964, -1.3605263233184814]"
f6234c94-8f99-4dd5-aa03-c8450774f904,3 Oil Stocks To Watch As OPEC+ Presents Largest Production Cut Since 2020,13,"OPEC+가 2020년 이후 최대 생산 감산을 발표함에 따라 석유 주식이 상승하고, Devon Energy, Pioneer Natural Resources, EOG Resources와 같은 에너지 기업들이 투자자들의 주목을 받고 있음.",0.8,https://oilprice.com/Energy/Crude-Oil/3-Oil-Stocks-To-Watch-As-OPEC-Presents-Largest-Production-Cut-Since-2020.html,"Oct 05, 2022 at 11:27",,"[12.44937515258789, -0.25565895438194275, -0.4389022886753082, 4.517801761627197, 4.908051013946533, -6.212923049926758, -2.9833312034606934, -2.8188834190368652, 2.1150197982788086, -0.9587181806564331, 2.6661124229431152, -0.7481767535209656, -0.09953282028436661, -0.3783038854598999, 0.8111119270324707, -2.667910575866699, 0.2091231346130371, 0.7869360446929932, -1.0534778833389282, 2.442835807800293, -1.100475788116455, 1.122702717781067, -0.14769349992275238, 0.5719407200813293, -1.6432163715362549, -0.6698682308197021, -0.8728634119033813, 1.3206788301467896, 0.767899751663208, -0.8968439102172852, 0.6542861461639404, 0.6015008687973022, -0.015135854482650757, -0.15739473700523376, -0.07655385136604309, 0.6375219821929932, -0.2097245752811432, 0.7049543857574463, -0.1008417010307312, 0.06458035111427307, 0.4205930829048157, 0.723539412021637, 0.23306119441986084, -0.13410663604736328, 0.84795743227005, 0.12298402190208435, -0.1072641909122467, -0.0943840891122818, -0.11873695999383926, 0.5490111708641052, -0.6895312070846558, -0.6831133365631104, 0.7640969753265381, -0.19279015064239502, -0.8737261295318604, 0.2921614348888397, 0.1295051872730255, 0.29735130071640015, -0.2881276309490204, 0.6953230500221252, 0.6627602577209473, -0.5003794431686401, -0.037979841232299805, 0.34909823536872864]"
72adb30a-8383-4ae0-9c6a-c0fc5dcf1c7e,"New Mexican President Looks To Boost Oil Output By 800,000 Bpd",13,"멕시코의 새 대통령이 석유 생산량을 800,000 bpd 증가시키기 위해 75억 페소를 투자할 계획을 발표했다.",0.8,https://oilprice.com/Energy/Crude-Oil/New-Mexican-President-Looks-To-Boost-Oil-Output-By-800000-Bpd.html,"Sep 13, 2018 at 14:41",,"[15.16122817993164, -1.506933331489563, 1.9043657779693604, 1.4279110431671143, 4.3098320960998535, -4.390224933624268, -0.2694522440433502, 1.7367066144943237, 2.0836946964263916, -0.5440404415130615, 1.7073278427124023, -1.5683605670928955, -3.2862672805786133, 0.6628704071044922, -0.13363036513328552, -1.0514087677001953, -0.6345510482788086, 1.373083472251892, 0.4260069727897644, -1.598168969154358, 0.2866740822792053, -0.7075279355049133, 0.015886470675468445, -0.738520622253418, -0.24481573700904846, 0.30152636766433716, 0.5935612916946411, -0.9891950488090515, 0.2248724400997162, 0.5733556151390076, -0.8363915681838989, 0.08495029807090759, 0.2612248957157135, 0.4716268479824066, -0.28720876574516296, -0.35458967089653015, 0.029318049550056458, -0.0846240222454071, -0.12220712006092072, -0.06833160668611526, 0.6076637506484985, 0.05886433273553848, 0.5855345726013184, 0.3125217854976654, 0.1980992704629898, 0.7454944849014282, -0.006108374334871769, -0.1464509665966034, -0.056042686104774475, -0.4691888689994812, -0.34021300077438354, 0.09101778268814087, -0.18028050661087036, -0.6012746691703796, -0.13160884380340576, 0.31895196437835693, -0.22463065385818481, -0.35689401626586914, 0.13671737909317017, -0.48959803581237793, -0.5989429950714111, -0.5144169330596924, 0.08591552823781967, -0.47380802035331726]"
d24f4f63-4c43-4e65-aa46-89b673060e53,"Mexico’s Unconventional Oil Plays Could Boost Production By 250,000 bpd",13,"멕시코의 비전통적인 석유 분야는 생산량을 250,000 bpd 증가시킬 수 있을 것으로 전망됩니다.",0.7,https://oilprice.com/Energy/Crude-Oil/Mexicos-Unconventional-Oil-Plays-Could-Boost-Production-By-250000-bpd.html,"Aug 21, 2025 at 17:43",,"[14.870805740356445, -1.4193506240844727, 2.421746015548706, 0.3260840177536011, 4.120770454406738, -4.628646373748779, 0.2902926802635193, 1.707384705543518, 2.2086095809936523, -0.5497878193855286, 2.2136545181274414, -1.2947036027908325, -2.840068817138672, 0.42200782895088196, 0.3178248107433319, -0.5229883193969727, -0.4716111123561859, 1.4118223190307617, -0.1466612070798874, -2.170182466506958, 0.5783443450927734, -0.6062583327293396, 0.12488111853599548, 0.12347891926765442, 0.37534213066101074, -0.34187936782836914, 0.4523504376411438, -0.851530909538269, 0.5390625, 0.7803010940551758, -0.7859686613082886, 0.28499406576156616, 0.8576341867446899, 0.10630769282579422, -0.540283203125, -0.6951266527175903, -0.2869654893875122, 0.4044732451438904, -0.5263595581054688, 0.5955311059951782, 0.08590826392173767, 0.2698286771774292, -0.10672903060913086, 0.27100637555122375, -0.1146182045340538, 0.8000431656837463, 0.02594101056456566, -0.3781351149082184, 0.0532853901386261, -0.13741585612297058, -0.041487157344818115, 0.3832559287548065, -0.36601531505584717, -0.2856728136539459, -0.6244487762451172, 0.7340362668037415, -0.15739178657531738, 0.14881116151809692, -0.12554314732551575, -0.5473164319992065, -0.28063905239105225, 0.38199108839035034, 0.17181476950645447, 0.23190300166606903]"
e40de33f-304d-4602-a81a-1fa4dcde9dcc,"Libya's Refining Capacity Set to Soar to 400,000 bpd",13,"리비아는 현재 300,000 bpd에서 400,000 bpd로 정제 용량을 증가시키고, 쿠웨이트는 2035년까지 원유 생산량을 4 mb/d로 거의 두 배로 증가시킬 계획이다.",0.7,https://oilprice.com/Energy/Crude-Oil/Libyas-Refining-Capacity-Set-to-Soar-to-400000-bpd.html,"Jan 22, 2025 at 11:53",,"[16.385440826416016, -1.9784048795700073, 0.6430941224098206, -0.07072672247886658, 3.9630491733551025, -2.219346761703491, -0.16927781701087952, 1.0632243156433105, 1.0743097066879272, -0.7012033462524414, 0.8354796171188354, -0.9159343242645264, -1.9874167442321777, 0.20072895288467407, 0.13860994577407837, -0.27518346905708313, -0.7330025434494019, 0.7072127461433411, 0.2328118532896042, -0.7345260381698608, 0.6431068181991577, -0.49928343296051025, -0.4852205812931061, 0.237595796585083, 0.4280405044555664, -0.0743117481470108, 0.973520040512085, -0.19371923804283142, 0.5188734531402588, 0.2544741630554199, 0.6300340294837952, 0.8203331828117371, 0.0555250346660614, -0.32419079542160034, -0.49375301599502563, -0.12871313095092773, -0.37135547399520874, 0.12646612524986267, -0.5906136631965637, 0.20295129716396332, 0.7006354331970215, -0.4550597667694092, -0.5690014958381653, 1.033169150352478, -0.13071295619010925, -0.3957846164703369, -0.12288603186607361, 0.21565507352352142, -0.026194259524345398, 0.09089286625385284, -0.12925589084625244, 0.44044870138168335, -0.13946685194969177, -0.05695594847202301, -0.3178479075431824, 0.056017979979515076, -0.5087890625, 0.20527571439743042, -0.5381487607955933, -0.5914928317070007, 0.19201451539993286, 0.17604374885559082, 0.10578364133834839, 0.633095383644104]"
c1b1c992-7436-4d50-8689-42595ea88039,OPEC+ Rules in an Increasingly Tight Oil Market,14,"OPEC+는 국제 유가 시장을 강력히 주도하며, 두 번째 반기에 매우 긴축된 유가 시장을 만들 수 있을 것으로 예상되며, 유가는 계속 상승할 전망이다.",0.9,https://oilprice.com/Energy/Crude-Oil/OPEC-Rules-in-an-Increasingly-Tight-Oil-Market.html,"Apr 10, 2024 at 16:11",,"[17.276390075683594, 0.04279319941997528, -0.17485806345939636, -1.0833297967910767, 1.7308599948883057, -0.41045546531677246, -1.5371596813201904, -0.44349783658981323, -0.22276970744132996, -0.5035473108291626, -0.9097810387611389, -0.029072526842355728, 0.27203434705734253, 0.5930671691894531, -0.6473907232284546, 0.20815107226371765, 0.9919984936714172, -0.8054754734039307, -0.35489165782928467, 0.47001081705093384, 0.5440329313278198, -0.1987280547618866, 0.9243589639663696, -0.4468216001987457, -0.017337359488010406, 0.2254859209060669, -0.06843933463096619, -0.010010316967964172, -0.16222383081912994, 0.6208213567733765, 0.3001166880130768, 0.07792210578918457, -0.8967546224594116, 0.16870352625846863, 0.37775471806526184, 0.3470456898212433, -0.37505292892456055, 0.49603837728500366, 0.029805950820446014, 0.32010918855667114, 0.019698597490787506, 0.14306578040122986, 0.0483512282371521, 0.09110552072525024, -0.06406758725643158, -0.02503756433725357, 0.1493985503911972, -0.05280482769012451, -0.2278667837381363, 0.3014099895954132, 0.07447990030050278, -0.16209369897842407, 0.31803637742996216, 0.10284930467605591, -0.18877625465393066, -0.03609946370124817, 0.07409125566482544, -0.10161061584949493, 0.11132991313934326, -0.024242594838142395, 0.12308254837989807, -0.06766901165246964, -0.10485883057117462, -0.039013445377349854]"
1ae78cf8-e450-4156-b354-7af37dae5371,U.S. Sits on Billions of Untapped Oil Barrels,14,"미국은 연방 땅 아래에 약 30억 배럴의 미개척 석유가 있다는 연방 지리 조사 결과를 발표했으며, 이는 미국의 에너지 우위를 뒷받침한다.",0.8,https://oilprice.com/Energy/Crude-Oil/US-Sits-on-Billions-of-Untapped-Oil-Barrels.html,"Jun 20, 2025 at 10:43",,"[17.325668334960938, -1.426435112953186, -1.3206145763397217, 0.31436702609062195, -0.13820528984069824, -0.47384554147720337, 0.6822948455810547, -0.6056730151176453, 0.13361787796020508, 0.03764978051185608, -0.10814327001571655, 0.1363736093044281, -0.23082619905471802, -0.005876988172531128, -0.5213579535484314, -0.023406624794006348, 0.1288682520389557, 0.07609874755144119, 0.05836160480976105, -0.7476459741592407, 0.12449440360069275, 0.2517922818660736, -0.46949121356010437, 0.04075157642364502, 0.37306132912635803, -0.3353334367275238, -0.02723763883113861, 0.45363596081733704, 0.1673070788383484, -0.10687732696533203, 0.3158833384513855, -0.2630844712257385, -0.3590584397315979, 0.3405500054359436, 0.14098502695560455, -0.22612762451171875, 0.1891348659992218, 0.0847695991396904, 0.10556724667549133, -0.007554586976766586, -0.29925522208213806, 0.2135004699230194, 0.08154937624931335, -0.25628095865249634, -0.057283177971839905, -0.3399144113063812, 0.30833160877227783, 0.14068834483623505, 0.3068450093269348, 0.10468566417694092, 0.0014788806438446045, 0.17911864817142487, 0.3134278357028961, -0.2065572291612625, 0.3537355363368988, 0.007267266511917114, 0.27324002981185913, -0.24552275240421295, 0.018296241760253906, -0.1879812777042389, -0.2022642195224762, 0.308097243309021, 0.43241560459136963, 0.18004387617111206]"
c142e4d9-ff29-4e21-972d-e2673e8be85d,Record Oil Output Positions Argentina as a Key Energy Player,14,"아르헨티나의 기록적인 석유 생산량은 경제 위기에 효과를 보여주며, 콜롬비아를 추월하여 남미 3위 석유 생산국이 될 전망이다.",0.8,https://oilprice.com/Energy/Crude-Oil/Record-Oil-Output-Positions-Argentina-as-a-Key-Energy-Player.html,"May 22, 2025 at 07:51",,"[17.299625396728516, -0.7237340807914734, -0.5991263389587402, -1.2383718490600586, -1.758554220199585, -0.5348241925239563, -0.034851983189582825, 0.09606538712978363, 0.4506644308567047, 0.2573607265949249, 0.05479990690946579, -0.6576145887374878, 0.2214941531419754, -0.849359929561615, -0.1930631697177887, -0.42408764362335205, 0.3437737822532654, -0.46841633319854736, 0.010910466313362122, -0.4196227192878723, 0.14450791478157043, -0.6854308843612671, 0.1825418472290039, 0.24707406759262085, 0.20334556698799133, 0.5732741951942444, -0.47846028208732605, 0.5035138726234436, 0.06500397622585297, 0.7235397696495056, 0.7459527850151062, 0.051867008209228516, -0.11565184593200684, -0.02915129065513611, -0.47418197989463806, 0.0027341842651367188, 0.009250611066818237, 0.2709027826786041, 0.2782740592956543, -0.4918161630630493, -0.16773293912410736, -0.0276426263153553, 0.07352939248085022, -0.050820887088775635, -0.45350754261016846, -0.009406208992004395, -0.24497583508491516, -0.10356120765209198, -0.16593661904335022, 0.0648089349269867, -0.07230186462402344, 0.463464617729187, 0.3436257243156433, 0.28022223711013794, -0.02847534418106079, 0.1919432282447815, -0.102175772190094, -0.1940106898546219, -0.06562083959579468, -0.15222285687923431, 0.2890111207962036, -0.5663990378379822, -0.4752146005630493, -0.017811089754104614]"
9bd61f1d-2aff-4bef-bb35-a784934297a9,Oil Prices Surge as Trump Pauses Tariffs,14,"트럼프의 관세 중단으로 국제 유가 급등, 천연가스 가격 상승. 미국 주식 시장과 금값도 상승.",0.8,https://oilprice.com/Energy/Crude-Oil/Live-Oil-Prices-Crash-Below-60-as-Tariff-War-Reaches-Boiling-Point.html,"Apr 09, 2025 at 07:28",,"[16.97893524169922, -1.4263439178466797, 0.29049864411354065, -2.1725780963897705, 0.9625135064125061, 1.0379362106323242, -0.4878811240196228, 0.8770139217376709, 1.1506397724151611, 0.7840542793273926, 0.11639037728309631, -0.41853147745132446, -0.7439150214195251, -0.030250415205955505, 0.39704111218452454, 0.023624002933502197, -0.5979254841804504, -1.1252484321594238, -0.3742152452468872, 0.48145681619644165, 0.19712960720062256, 0.1401422619819641, 0.18386304378509521, -0.07310622930526733, 0.11131508648395538, -1.2499845027923584, 0.22744311392307281, 0.46596136689186096, -1.1475584506988525, -0.09776979684829712, -0.517616868019104, 0.32974278926849365, -0.27562761306762695, 0.26414990425109863, -0.4386741518974304, -0.5317395925521851, 0.40239208936691284, 0.052311647683382034, 0.043413639068603516, 0.4773571193218231, 0.33715933561325073, -0.340841144323349, 0.4927636682987213, -0.6540453433990479, 0.6037172675132751, 0.20917880535125732, -0.15733137726783752, -0.0947083830833435, -0.1187228113412857, -0.4644200801849365, -0.49788036942481995, -0.17337463796138763, 0.10362688452005386, -0.44268548488616943, -0.08369618654251099, -0.15189221501350403, -0.25720182061195374, -0.022217541933059692, -0.09525886178016663, -0.18742461502552032, -0.16098514199256897, -0.15174390375614166, -0.3799254596233368, -0.37568509578704834]"
8fa2d304-ab5a-48f2-98d0-b9fd39d48be5,Kuwait Looks To Nearly Double Production After Major Oil Find,14,"쿠웨이트가 대규모의 석유 발견을 통해 생산량을 거의 두 배로 증가시키고, 국내외의 협력을 통해 원유 생산량을 2035년까지 4백만 배럴로 늘릴 계획을 발표했다.",0.8,https://oilprice.com/Energy/Crude-Oil/Kuwait-Looks-To-Nearly-Double-Production-After-Major-Oil-Find.html,"Jul 23, 2024 at 18:54",,"[17.116817474365234, -0.8947877883911133, -1.1972243785858154, -0.937318742275238, 0.5836841464042664, 1.0576423406600952, -0.3091365098953247, 0.8613653182983398, -0.9038103222846985, 0.2583317756652832, -0.4337007403373718, 1.0202444791793823, -0.7261369228363037, -0.33820536732673645, -1.5053832530975342, -1.173791766166687, 0.5964841842651367, -0.3182009756565094, 0.43051958084106445, 0.274474561214447, 0.05663168430328369, 0.6292283535003662, 0.09222160279750824, 0.04366201162338257, 0.01876775547862053, 0.7823365926742554, 0.041624948382377625, -0.3033180832862854, 0.7331634759902954, 0.18536284565925598, 0.3128567337989807, -0.035151124000549316, -0.2384105622768402, 0.0718562975525856, -0.2865101397037506, -0.3578013777732849, 0.15529248118400574, 0.457433819770813, -0.1112406849861145, 0.2842063903808594, -0.15613046288490295, 0.024018049240112305, -0.36814552545547485, -0.061140239238739014, -0.22630026936531067, -0.1300012171268463, -0.36313512921333313, -0.5541027784347534, -0.12978363037109375, -0.0648031234741211, -0.1733459234237671, 0.7022711634635925, 0.3345309793949127, -0.03138135373592377, 0.05882197618484497, -0.2733899652957916, -0.21979475021362305, 0.04183560609817505, -0.25462254881858826, 0.1604648232460022, 0.384371817111969, 0.22173506021499634, -0.14508895576000214, 0.0896073579788208]"
1c76968f-723d-4e2e-b835-bc62ce0d8045,How Trump Convinced Saudi Arabia To End The Oil Price War,15,"트럼프 대통령이 사우디 아라비아에 유가 전쟁 중달하도록 설득하고 OPEC+가 대규모 감산 합의를 이끌어냈으며, 이로 인해 유가가 급등하고 글로벌 경제에 긍정적인 영향을 미쳤다.",1.0,https://oilprice.com/Energy/Crude-Oil/How-Trump-Convinced-Saudi-Arabia-To-End-The-Oil-Price-War.html,"Apr 30, 2020 at 11:00",,"[17.458465576171875, -0.45608118176460266, 0.3163672685623169, -1.0123223066329956, 0.27108174562454224, -0.007141768932342529, -1.5382263660430908, -0.5640150904655457, 0.09650108218193054, 0.2405402660369873, -0.6327373385429382, 0.4169658422470093, -0.5256776213645935, -0.10304778814315796, 0.023304671049118042, 0.285095751285553, -0.010201588273048401, -0.3463938534259796, -0.24193155765533447, 0.14025576412677765, -0.02220161259174347, 0.8394948244094849, -0.17079012095928192, -0.2516788840293884, -0.5637038350105286, 0.1464180201292038, -0.09828785061836243, -0.1992785483598709, 0.35165858268737793, -0.210534006357193, -0.3455154299736023, -0.13476574420928955, -0.40305548906326294, -0.08998271077871323, 0.5213890671730042, 0.3678789734840393, 0.31957128643989563, -0.442562073469162, 0.3436737358570099, -0.33684149384498596, 0.12134496867656708, -0.3016071915626526, -0.029616594314575195, 0.3410366177558899, 0.22412803769111633, -0.0832173228263855, 0.21040573716163635, -0.046519700437784195, -0.24082905054092407, -0.35505005717277527, 0.2242092788219452, -0.2101123183965683, 0.1490935981273651, -0.16831964254379272, 0.07370990514755249, -0.04961005598306656, 0.14118871092796326, 0.17836955189704895, 0.1498515009880066, -0.19987347722053528, -0.11992597579956055, -0.12547567486763, 0.18642625212669373, 0.06065016984939575]"
34242d89-e031-49d9-9edd-62007204de77,Saudi Arabia Sets The Stage For Big OPEC Production Cuts,15,사우디 아라비아가 대규모 OPEC 생산 감축을 준비하며 유가 상승을 목표로 하고 있음. 중국과 인도의 석유 수요 증가에 대비하여 생산 감축 조치를 취하고 있음.,0.9,https://oilprice.com/Energy/Crude-Oil/Saudi-Arabia-Sets-The-Stage-For-Big-OPEC-Production-Cuts.html,"Jul 03, 2023 at 08:50",,"[17.3297119140625, -1.1111273765563965, 2.2196576595306396, 0.6091910600662231, -0.69657301902771, -0.49629634618759155, -0.5313768982887268, 0.8849684000015259, -0.4059496819972992, 0.6658528447151184, -0.39960673451423645, 0.07269090414047241, 0.004277408123016357, 0.6527241468429565, -0.39930006861686707, 0.9052555561065674, 0.7774789929389954, 0.5667997002601624, 0.5225608944892883, 0.12753793597221375, -0.4357239305973053, 0.1509930044412613, -0.5427219271659851, 0.2587495446205139, -0.6850712299346924, 0.03323996812105179, -0.3379833400249481, 0.14665678143501282, -0.14173437654972076, 0.37460029125213623, -0.21996180713176727, -0.07858484983444214, -0.1060551255941391, 0.08857689052820206, -0.08527965843677521, -0.30265581607818604, 0.22838634252548218, -0.013718023896217346, 0.28786501288414, 0.008026693016290665, 0.30778592824935913, -0.028364835307002068, -0.16214001178741455, -0.3103053867816925, -0.20583011209964752, 0.08778517693281174, 0.04457645118236542, -0.2936502993106842, 0.14987732470035553, 0.3504195213317871, 0.07228869944810867, -0.36846593022346497, -0.14375236630439758, -0.10646101832389832, 0.15841194987297058, 0.10244081914424896, -0.02842000126838684, 0.05945545434951782, 0.12292313575744629, 0.3429279923439026, 0.13147097826004028, -0.10473448783159256, 0.013359367847442627, -0.0008902102708816528]"
99adc9e7-bdab-4e45-b8c7-8bd3b1e4f405,Goldman Sachs: OPEC+ Could Announce Larger Production Hike,15,"골드만 삭스는 OPEC+가 일반적인 400,000 배럴/일 증산보다 큰 생산 증가를 발표할 수 있다고 전망하며, 유가 상승과 수입국의 불만 가능성을 고려하고 있다.",0.9,https://oilprice.com/Energy/Crude-Oil/Goldman-Sachs-OPEC-Could-Announce-Larger-Production-Hike.html,"Feb 01, 2022 at 11:44",,"[16.95909881591797, -1.0392687320709229, 1.2509926557540894, -0.6007991433143616, -0.4211330711841583, 0.03573483228683472, -0.6249169111251831, 2.184526205062866, 0.31619125604629517, -0.9039629697799683, 0.05990862846374512, 1.3739567995071411, 0.34792929887771606, -0.1080637276172638, 0.14256930351257324, 0.8471535444259644, 0.2281312197446823, -0.2547089457511902, -1.2786918878555298, -0.2727564573287964, 0.19294917583465576, -0.42137089371681213, -0.6914219856262207, 0.5203610062599182, -0.4107276499271393, -1.133626103401184, 0.37257829308509827, -0.5590183138847351, 0.47587546706199646, -0.10395151376724243, -0.09777822345495224, 0.28152287006378174, -0.27596667408943176, -0.11507537961006165, 0.13529114425182343, -0.21971353888511658, -0.5209259986877441, -0.05772308632731438, 0.14931342005729675, -0.26936545968055725, -0.18085604906082153, -0.013209566473960876, 0.08170312643051147, -0.08248132467269897, 0.40710482001304626, -0.08580033481121063, 0.5957165360450745, -0.16169939935207367, -0.0503358319401741, -0.14784905314445496, 0.20501790940761566, 0.16808249056339264, 0.006275247782468796, 0.2730979919433594, -0.802981972694397, -0.013523191213607788, -0.01439213752746582, 0.04327622056007385, -0.7260726094245911, -0.23472532629966736, 0.424337238073349, -0.02808413654565811, 0.03272649645805359, -0.18337611854076385]"
402d4258-ea60-4caa-bf05-6fb768130b6a,Recon Africa De-Risks The World's Most Exciting Oil Find,15,나미비아의 Kavango Basin 시험 우물에서 석유 수백 미터를 발견하며 Recon Africa가 세계에서 가장 흥미로운 석유 발견을 안정화하고 있다.,0.9,https://oilprice.com/Energy/Crude-Oil/Recon-Africa-De-Risks-The-Worlds-Most-Exciting-Oil-Find.html,"Aug 05, 2021 at 17:18",,"[17.301124572753906, -0.15718235075473785, 0.9132710099220276, -0.281294047832489, -1.1582252979278564, -1.1621041297912598, 0.5680933594703674, 0.605204164981842, 0.3111855387687683, 0.09990520775318146, -0.31959855556488037, 0.3397715091705322, 0.058393239974975586, -0.7935775518417358, -0.8351387977600098, 0.0982760488986969, 0.4827067255973816, 0.3952879309654236, -0.2197725623846054, 0.42974182963371277, 0.09381766617298126, 0.01929652690887451, -0.2536003589630127, 1.147271990776062, 0.012417417019605637, -0.42859676480293274, 0.13808053731918335, -0.1979639083147049, 0.02793841063976288, 0.5504581928253174, -0.2514078617095947, -0.096954345703125, -0.1599218100309372, -0.15246546268463135, 0.21799513697624207, -0.4350077509880066, -0.15440991520881653, -0.0017814338207244873, 0.23536288738250732, -0.29684263467788696, -0.42775362730026245, 0.11140094697475433, -0.48913151025772095, -0.11359858512878418, -0.1369493156671524, 0.3606383800506592, -0.03948849439620972, 0.24525803327560425, 0.065143883228302, 0.3250994086265564, 0.11690656840801239, -0.31415921449661255, -0.0677693709731102, 0.3639295697212219, 0.05068197846412659, 0.16306552290916443, 0.34724223613739014, -0.09921106696128845, -0.044690877199172974, 0.2155127227306366, 0.047806382179260254, 0.29199424386024475, 0.013043761253356934, 0.18806229531764984]"
c883bf22-9b32-4d12-a683-b136b7a80314,Saudi Arabia Wants To Pump ‘Every Last Molecule Of Oil’,15,사우디 아라비아는 '마지막 유류 분자까지' 뽑겠다는 의지를 피력하며 국제 유가 시장에서 강력한 영향력을 행사하고 있다.,0.9,https://oilprice.com/Energy/Crude-Oil/Saudi-Arabia-Wants-To-Pump-Every-Last-Molecule-Of-Oil.html,"Jul 22, 2021 at 08:59",,"[17.35343360900879, -0.7597808837890625, 0.874841570854187, 0.14057676494121552, -0.025286197662353516, -1.081404447555542, 1.3568575382232666, -0.8847815990447998, 0.6393441557884216, -0.417154461145401, -0.5248321890830994, 0.14200934767723083, -0.6126559376716614, -0.49072572588920593, 0.20716023445129395, 0.33960583806037903, 0.34938716888427734, 0.06371836364269257, -0.08435879647731781, 0.28981414437294006, -0.25678274035453796, -0.7787860631942749, 0.16069099307060242, -0.045391619205474854, 0.1660371720790863, 0.35749053955078125, 0.18512596189975739, -0.2707808315753937, -0.0390554815530777, -0.011627227067947388, -0.6170068383216858, -0.5321693420410156, 0.21937423944473267, -0.2089761644601822, 0.43877699971199036, 0.31822091341018677, 0.4680386185646057, -0.02273663878440857, -0.20738165080547333, -0.19936951994895935, 0.3543310761451721, -0.21840403974056244, -0.1793082058429718, 0.2719743251800537, 0.2731592059135437, -0.3017651438713074, -4.902482032775879e-06, 0.47122734785079956, 0.2581704258918762, 0.2024473249912262, 0.24103710055351257, -0.14790235459804535, -0.17739662528038025, -0.2719389498233795, -0.34241077303886414, 0.17938733100891113, 0.08903709053993225, 0.15535405278205872, -0.05823361873626709, 0.002283938229084015, -0.07783354818820953, 0.005335420370101929, -0.14032025635242462, 0.23557749390602112]"
7b7879af-1fbf-428e-a43d-78a3a0f0c597,Oil Prices Jump 5% As Bullish Catalysts Mount,16,"OPEC+ 회의를 앞두고 유가가 5% 상승하며, 분석가들은 유가가 곧 100달러에 이를 것으로 전망하고 있다.",0.8,https://oilprice.com/Energy/Crude-Oil/Oil-Prices-Jump-5-As-Bullish-Catalysts-Mount.html,"Oct 03, 2022 at 08:21",,"[16.386484146118164, -0.9987546801567078, -2.7086029052734375, -1.6853792667388916, 2.3480191230773926, -2.236919641494751, -1.5252621173858643, 0.6717640161514282, -1.1290606260299683, 0.3341286778450012, -2.183992385864258, -0.5864837765693665, 0.15604010224342346, 0.3582255244255066, 0.1540486365556717, 0.9795181751251221, 0.4451230466365814, -1.2485086917877197, -0.2872646450996399, -0.5552464723587036, -0.11182396113872528, -0.4866302013397217, 0.12244972586631775, -0.5742976665496826, -0.634867250919342, 0.2943849563598633, 0.03697939217090607, -0.2506663203239441, 0.9680740833282471, 0.5882909297943115, -0.011572368443012238, 0.23356950283050537, 0.397581547498703, 0.162581205368042, 0.017244085669517517, 0.19570329785346985, -0.28094643354415894, -0.03772209584712982, 0.5121912956237793, -0.37505656480789185, -0.47768139839172363, 0.2626095116138458, -0.0065686702728271484, -0.2825915515422821, 0.5936218500137329, -0.029340088367462158, 0.2585951089859009, 0.43463748693466187, 0.12121939659118652, 0.6156122088432312, 0.19346031546592712, -0.24496862292289734, 0.0008813440799713135, -0.17812535166740417, -0.2522377073764801, -0.6885791420936584, 0.184745192527771, 0.3825080990791321, 0.5031489729881287, 0.40682369470596313, 0.2125856876373291, 0.3434107303619385, 0.11166074126958847, -0.06333066523075104]"
7df3aa98-2e50-4e66-ae6f-cf8c22150473,Why $80 Oil Won't Destroy Demand,16,$80 유가가 수요를 파괴하지 않을 이유에 대한 분석,0.8,https://oilprice.com/Energy/Crude-Oil/Why-80-Wont-Kill-Oil-Demand.html,"Oct 11, 2021 at 15:27",,"[14.266881942749023, 0.2711265981197357, -1.031185507774353, -3.9430131912231445, 4.807314395904541, -1.5526127815246582, 1.8516229391098022, 1.7232576608657837, -0.3832353949546814, -0.8725190162658691, 0.9422099590301514, -0.20209741592407227, -0.5749220848083496, 0.6797698736190796, 0.34106606245040894, 2.829491376876831, 0.4752008020877838, 1.1761527061462402, -0.607138991355896, 0.35146984457969666, 1.2188467979431152, -1.573118805885315, 0.6192584037780762, 0.06647992134094238, 1.2792658805847168, -0.8012311458587646, -1.2341029644012451, 0.3636901378631592, 0.064804807305336, -1.6400024890899658, -0.799216628074646, -0.5015332698822021, 1.9061214923858643, 2.556216239929199, 0.08051466941833496, -0.05320924520492554, 0.14326204359531403, -0.3544754981994629, 0.6290517449378967, -0.8289949893951416, -0.8167529106140137, 0.6464110016822815, -0.42691004276275635, 1.0614047050476074, 0.7591820955276489, 0.2950829267501831, -0.33561575412750244, 0.8727954626083374, -0.41062426567077637, -0.9970982074737549, -0.034781843423843384, -0.8709758520126343, 1.0074156522750854, -0.3065151572227478, 0.9702041149139404, -0.38907960057258606, -0.19655334949493408, -0.35553693771362305, -0.15630900859832764, -0.06261064112186432, -0.17082583904266357, -0.9341311454772949, 0.19840848445892334, 0.0006775408983230591]"
ba30311b-a20b-4af5-b767-1ce067bb510e,Tighter Oil Market Could Trigger Supply Surge,16,OPEC+ JMMC 회의를 통해 감산량이 7.7백만 배럴/일로 축소되며 사우디 아라비아와 러시아가 생산량을 증가할 예정이다.,0.8,https://oilprice.com/Energy/Crude-Oil/Tighter-Oil-Market-Could-Trigger-Supply-Surge.html,"Jul 13, 2020 at 14:46",,"[16.2896728515625, -2.4343791007995605, -2.3977785110473633, -1.9109505414962769, 1.8644787073135376, -3.0317435264587402, -1.411807656288147, 0.6701747179031372, -1.5726627111434937, -0.5206700563430786, -1.2804882526397705, -0.04668218642473221, 0.032159581780433655, 0.03002837300300598, -0.403445839881897, 0.11089754104614258, 0.9093000292778015, 0.09802541881799698, -0.237502321600914, -1.0452619791030884, -1.335162878036499, -0.16060027480125427, 0.7405558824539185, -0.5559018850326538, 0.012201450765132904, 0.2813338041305542, 0.054019175469875336, -0.04981379210948944, -0.13313427567481995, -0.5272966623306274, 0.09245236217975616, -0.4130745530128479, -0.026299085468053818, -0.3608624041080475, -0.1932660937309265, 0.26478639245033264, 0.21348217129707336, -0.7188575267791748, 0.3837704360485077, -0.3590834438800812, 0.37207508087158203, -0.008816145360469818, 0.2507190406322479, -0.23824363946914673, 0.5268471240997314, 0.25165098905563354, -0.39782315492630005, 0.16581210494041443, 0.014096572995185852, 0.2580175995826721, -0.6922382116317749, 0.475661963224411, 0.05702155828475952, 0.03196626901626587, 0.017863035202026367, -0.41480356454849243, -0.1409449279308319, -0.02823173999786377, 0.25328749418258667, -0.36431407928466797, 0.22272053360939026, 0.3290305435657501, 0.035729557275772095, -0.045593053102493286]"
02caacab-83b6-48f6-916b-90fd8ae0d87c,Is The OPEC Deal The Start Of A New Rally In Oil?,16,OPEC 및 파트너사가 1.2백만 배럴/일 감산을 결정함에 따라 원유 가격이 급등하며 새로운 상승 흐름이 시작될 것으로 전망됨.,0.8,https://oilprice.com/Energy/Crude-Oil/Is-The-OPEC-Deal-The-Start-Of-A-New-Rally-In-Oil.html,"Dec 07, 2018 at 16:35",,"[16.993303298950195, -0.7379568815231323, -0.8929480314254761, -1.1187491416931152, 0.6807619333267212, -2.742074489593506, -0.7555521726608276, 0.21374839544296265, -0.9545924067497253, -0.3936595022678375, -0.4347546398639679, 0.15724726021289825, 1.1018345355987549, -0.31751832365989685, 0.16823190450668335, -0.16708721220493317, 0.20856061577796936, -0.10195285826921463, -1.1414659023284912, -1.0146172046661377, -0.739347517490387, -0.18284466862678528, -0.46047505736351013, 0.19241508841514587, 0.9736106395721436, 0.14352896809577942, 0.21506738662719727, -0.4128436744213104, -0.6520333290100098, -0.05491065979003906, 0.08779238164424896, 0.6428577899932861, -0.6474807262420654, 0.0643586590886116, -0.5470287203788757, 0.49113309383392334, -0.009947076439857483, -0.2970995306968689, 0.01818235218524933, -0.06401027739048004, 0.40824949741363525, 0.19111350178718567, 0.3018508553504944, -0.007032036781311035, 0.31287235021591187, -0.027082175016403198, 0.09368515014648438, 0.24158146977424622, -0.07539880275726318, 0.32855066657066345, -0.10255210101604462, 0.020559370517730713, -0.1466291844844818, -0.07720789313316345, 0.6404840350151062, -0.34730297327041626, -0.08043035864830017, 0.5398541688919067, 0.3169861137866974, 0.1412886381149292, -0.052493661642074585, -0.07827213406562805, -0.32350391149520874, 0.1361633837223053]"
e9007b1f-d0b5-47ef-90ee-456ee3071690,A Stock That Offers A Free Play On Fracking’s Future,16,미국의 Eagle Material Inc. (EXP)가 투자자들에게 미래의 fracking 산업에 대한 무료 플레이를 제공하는 기회를 제공하고 있다.,0.8,https://oilprice.com/Energy/Crude-Oil/A-Stock-That-Offers-A-Free-Play-On-Frackings-Future.html,"Aug 07, 2015 at 11:29",,"[16.18495750427246, -1.6068010330200195, -1.6516101360321045, -0.8207180500030518, -0.4385630488395691, -3.1754417419433594, -1.0418126583099365, -0.5979016423225403, -0.18105506896972656, -0.603598415851593, -0.7555725574493408, -0.27741673588752747, 0.3654612600803375, 0.2806406617164612, 0.6003153324127197, 0.3782650828361511, 0.9501152038574219, 0.8196758031845093, 0.5953391790390015, 1.0633243322372437, -0.032093554735183716, 0.6144636869430542, -0.10855113714933395, -0.3994719684123993, 0.19248610734939575, -0.6725916862487793, 1.1287959814071655, 0.21622984111309052, -0.3608885407447815, -0.911382257938385, -0.4624999165534973, -0.3343908488750458, -0.5440928936004639, 0.32808199524879456, -0.5261400938034058, -0.5416234731674194, 0.07635760307312012, -0.7520487308502197, 0.12964996695518494, -1.0193216800689697, -0.28752601146698, 0.43563443422317505, -0.0900706946849823, 0.3405790328979492, -0.7709254026412964, 0.7530904412269592, -0.5417255759239197, 0.4625692367553711, 0.3985936641693115, -0.2707420289516449, -0.5967082381248474, -0.22694218158721924, -0.6368466019630432, 0.32845455408096313, -0.442143976688385, 0.09851381182670593, -0.41192060708999634, -0.2681836187839508, -0.029149949550628662, 0.5313898921012878, -0.3615836501121521, 0.21893644332885742, 0.8820871710777283, 0.10726247727870941]"
472f8f45-c792-43f1-968b-e79a3a8021cf,Trump’s Chevron Deal Is a Win for America,17,트럼프 행정부가 베네수엘라에서 체브론의 라이선스를 재개하여 미국의 경제 및 에너지 안보를 강화하는 결정을 내렸다.,0.8,https://oilprice.com/Energy/Crude-Oil/Trumps-Chevron-Deal-Is-a-Win-for-America.html,"Jul 31, 2025 at 11:55",,"[17.195898056030273, -1.0459083318710327, -0.5871378779411316, -2.3349742889404297, -1.6057685613632202, -0.5855414867401123, -0.8827676177024841, -0.88133704662323, 0.4810542166233063, -0.14128395915031433, 1.1023228168487549, 0.7545859813690186, -0.9243400692939758, -0.07990404963493347, -0.8088694214820862, 0.19938766956329346, -0.06271886825561523, 0.1801985502243042, -0.3062651753425598, -0.18540216982364655, 0.2447981834411621, -0.152129665017128, -0.3699958324432373, 0.08592498302459717, 0.25568723678588867, 0.37843385338783264, 0.43379318714141846, 0.28828534483909607, -0.015185609459877014, 0.04833012819290161, -0.10492194443941116, 0.7615247964859009, 0.03106480836868286, -0.3137071132659912, -0.14488817751407623, -0.14205804467201233, 0.2853909730911255, 0.24504995346069336, -0.06195540726184845, -0.1521584391593933, -0.017311472445726395, -0.5164200067520142, -0.43534451723098755, -0.19082176685333252, 0.06655816733837128, -0.042055949568748474, 0.048033326864242554, 0.2174890637397766, 0.01881970465183258, 0.22510617971420288, -0.041126035153865814, -0.04006606340408325, 0.298348993062973, 0.16160671412944794, 0.03433382511138916, 0.09827984869480133, 0.13447120785713196, -0.17989543080329895, -0.19105884432792664, 0.06102145463228226, 0.08151870965957642, -0.02903665602207184, -0.0742943286895752, 0.11211487650871277]"
f5de2b85-ee8a-4e31-bf08-2437fb334160,Soaring Natural Gas Prices Could Lift Oil Demand,17,"유가 급등으로 천연가스 부족 현상이 유가 수요 증가로 이어지고, OPEC은 유가 상승을 기대하며 감산 조치를 완화할 계획이다.",0.8,https://oilprice.com/Energy/Crude-Oil/Soaring-Natural-Gas-Prices-Could-Lift-Oil-Demand.html,"Sep 22, 2021 at 11:46",,"[17.395462036132812, -1.0820939540863037, -0.8002780675888062, -0.4764817953109741, -1.0292472839355469, 0.27266812324523926, -0.718446671962738, 0.11812044680118561, 0.7909761071205139, 0.2572076618671417, -0.3290456235408783, -0.484985888004303, 0.1084832102060318, -0.4062943458557129, -0.735478401184082, 0.5507386922836304, -0.3066755533218384, -0.46175944805145264, -0.14099889993667603, 0.2052432894706726, -0.3852394223213196, 0.3317367732524872, -0.5878885984420776, -0.03415548801422119, -0.037492141127586365, -0.142099067568779, 0.21665474772453308, -0.021563135087490082, -0.15224887430667877, 0.43052494525909424, 0.1850910782814026, -0.07690179347991943, 0.19618545472621918, -0.1966697871685028, 0.13791325688362122, -0.5179153084754944, 0.21977457404136658, 0.10978984832763672, 0.46854367852211, -0.1516409069299698, 0.29179245233535767, 0.1601201593875885, 0.06752431392669678, 0.33586424589157104, 0.19978103041648865, 0.1331997811794281, -0.14559781551361084, -0.6588384509086609, 0.18595007061958313, -0.2314656674861908, 0.03637110814452171, -0.0962570533156395, 0.16687487065792084, -0.41599181294441223, -0.002642035484313965, 0.11002812534570694, 0.10024526715278625, 0.21891742944717407, -0.22689390182495117, -0.10385851562023163, 0.018686503171920776, -0.023586958646774292, 0.09962990880012512, -0.06566321849822998]"
f5edbef8-3cdd-40c0-8d32-62a6af149847,UBS: Oil Demand To Return To Pre-Covid Levels By Q1 2022,17,"2022년 1분기까지 석유 수요가 코로나 이전 수준으로 회복될 것으로 전망되며, 글로벌 유가는 상승세를 이어갈 전망이다.",0.8,https://oilprice.com/Energy/Crude-Oil/UBS-Oil-Demand-To-Return-To-Pre-Covid-Levels-By-Q1-2022.html,"Jul 09, 2021 at 08:51",,"[17.000011444091797, -2.825634717941284, -1.714714527130127, -1.1236114501953125, -1.334041953086853, -1.0674703121185303, 0.5934520959854126, 0.18317654728889465, 0.6364538669586182, -0.27240243554115295, -0.3302944600582123, -0.039684854447841644, -0.06686383485794067, 0.3163323998451233, -0.29577749967575073, 0.18117403984069824, -0.8607779145240784, -0.5681064128875732, -0.3816774785518646, 1.0306369066238403, -0.09572596848011017, -0.3405417799949646, 0.318882018327713, -0.4914066195487976, 0.1439417600631714, -0.0460592582821846, 0.0313204787671566, 0.04675750434398651, -0.1016438901424408, 0.31934309005737305, 0.39160066843032837, 0.27464795112609863, 0.01193525642156601, -0.13205745816230774, -0.9422604441642761, 0.3136919438838959, -0.28319525718688965, -0.6811256408691406, 0.654977560043335, 0.007444765418767929, -0.30654001235961914, -0.03511413186788559, 0.18215316534042358, 0.16165482997894287, -0.16894543170928955, 0.4656815528869629, -0.0772426426410675, -0.49289849400520325, -0.1854698359966278, 0.18977512419223785, -0.5283100008964539, -0.22302058339118958, -0.28579646348953247, 0.27809786796569824, 0.18605318665504456, -0.06086519733071327, 0.1401798129081726, 0.006040409207344055, 0.36436161398887634, -0.1914897859096527, -0.027032651007175446, -0.159388929605484, -0.15834327042102814, 0.0675363689661026]"
90ff0a10-1822-46bd-90c1-1e1465c5d9ae,OPEC+ Deal Could Collapse As Oil Prices Shoot Up,17,OPEC+의 대규모 감산으로 유가 급등하며 글로벌 수요 증가 전망. 생산 감소와 수요 회복으로 유가 시장이 적자로 전환될 것으로 예상됨.,0.8,https://oilprice.com/Energy/Crude-Oil/OPEC-Deal-Could-Collapse-As-Oil-Prices-Shoot-Up.html,"May 20, 2020 at 11:43",,"[17.22412872314453, -0.8857334852218628, -0.813648521900177, -2.1836633682250977, -0.17608125507831573, -0.7050814628601074, -0.5137398838996887, -0.5458825826644897, -0.4031033515930176, 0.2781994640827179, -0.7674558758735657, -0.9320589900016785, 0.12959438562393188, 1.0982847213745117, 0.3863617777824402, 0.16348423063755035, 0.4126253128051758, -0.6684291362762451, 0.26038944721221924, 0.3594610095024109, 0.1513303518295288, 0.5344085693359375, 0.3411959409713745, -0.3611288070678711, -0.19790872931480408, -0.6048395037651062, -0.4774623215198517, 0.12779022753238678, 0.19849610328674316, 0.6425631642341614, -1.1158593893051147, -0.08814558386802673, -0.5780503749847412, -0.09261608123779297, 0.06109136343002319, -0.11421728134155273, 0.2723962962627411, 0.6825942397117615, -0.05420422554016113, 0.1350896656513214, 0.4765787720680237, 0.1891058087348938, 0.08222153782844543, 0.2554962635040283, 0.08287551999092102, -0.07755767554044724, -0.006962686777114868, -0.28232091665267944, 0.15002697706222534, 0.015858322381973267, 0.07889619469642639, -0.08049513399600983, 0.1941002607345581, 0.05354337394237518, 0.26040661334991455, -0.19691002368927002, -0.08847469091415405, -0.16805323958396912, -0.15627437829971313, -0.39525169134140015, 0.288623183965683, -0.24248018860816956, 0.2992740273475647, 0.3659665584564209]"
d0b80828-c33b-4077-8c89-b1c7636299f7,Trump’s Sanctions Light a Fire Under Oil Prices,17,트럼프의 러시아 최대 석유 생산업체에 대한 제재로 석유 가격이 급등하며 시장에 활기가 돌았다.,0.7,https://oilprice.com/Energy/Crude-Oil/Trumps-Sanctions-Light-a-Fire-Under-Oil-Prices.html,"Oct 24, 2025 at 10:03",,"[17.153470993041992, -1.6034685373306274, -0.9910158514976501, -2.370173215866089, -1.2118384838104248, -1.0379939079284668, -0.5502966046333313, -0.6318948268890381, 0.19336295127868652, 0.8284764885902405, 0.6529498100280762, 0.024479534476995468, -1.0357635021209717, -0.7950219511985779, 0.3318517208099365, 0.8103090524673462, 0.18705081939697266, 0.16710953414440155, 0.3085957467556, 0.28967562317848206, 0.20471793413162231, -0.3246234655380249, 0.09920220077037811, -0.08103471994400024, 0.2538560926914215, -0.052906397730112076, 0.3673490583896637, 0.006522718816995621, -0.4466472566127777, -0.1995038092136383, -0.2757764756679535, 0.006773710250854492, -0.10080256313085556, -0.28440824151039124, -0.49429240822792053, -0.1339440941810608, 0.25756415724754333, 0.1323859542608261, -0.28873488306999207, 0.2210288792848587, -0.029468875378370285, -0.3760559558868408, -0.3979681432247162, -0.04963880777359009, 0.06002393364906311, 0.11883782595396042, -0.09529727697372437, 0.16741977632045746, -0.18207599222660065, -0.055458635091781616, -0.033457815647125244, 0.04654887318611145, -0.38505417108535767, -0.22637934982776642, 0.03684443235397339, 0.03556600213050842, -0.0837530791759491, 0.2552334666252136, 0.3720736503601074, 0.07058632373809814, -0.15268062055110931, -0.10666711628437042, -0.05583570897579193, 0.20724114775657654]"
3ebabb94-a08f-4d99-92a6-ab45fd008d04,Oil Demand to Rise Through 2032 as Energy Transition Stalls,18,"2032년까지 석유 수요가 계속 증가할 전망이며, 에너지 전환은 정체되어 있음을 경고하는 보고서 발표",-0.6,https://oilprice.com/Energy/Crude-Oil/Oil-Demand-to-Rise-Through-2032-as-Energy-Transition-Stalls.html,"Nov 04, 2025 at 10:43",,"[16.759822845458984, 3.2002360820770264, -2.980752468109131, -0.305938184261322, -1.0593992471694946, -0.2990429401397705, 0.7507214546203613, 0.16560280323028564, 0.03873097896575928, 0.4968649744987488, -0.21907448768615723, 0.09489000588655472, -0.1413174569606781, 1.3492052555084229, 0.5274457931518555, -0.4444328546524048, -0.6884368062019348, -0.2967727482318878, -0.03143310546875, 0.39005476236343384, 0.03887435793876648, -0.16577884554862976, -0.29350554943084717, -0.2876521348953247, 0.06126470863819122, 0.1297920197248459, 0.38219204545021057, -0.3047640919685364, 0.013814166188240051, 0.38620907068252563, 0.35992181301116943, 0.42775866389274597, 0.21681129932403564, 0.19037750363349915, -0.049521010369062424, -0.30421021580696106, 0.3722878098487854, 0.5024957060813904, 0.722315788269043, -0.10861797630786896, 0.08499592542648315, 0.2908964157104492, 0.12162849307060242, 0.09801715612411499, -0.2939547002315521, 0.34797078371047974, 0.20218810439109802, 0.374031126499176, -0.2728973627090454, -0.3251446783542633, -0.0776277706027031, 0.1877046525478363, 0.3491540253162384, 0.19246524572372437, -0.27854982018470764, -0.5365762710571289, 0.06450146436691284, -0.18882635235786438, 0.035343825817108154, -0.10672436654567719, 0.24454686045646667, 0.009627893567085266, 0.2924935817718506, 0.19140765070915222]"
2c32d0eb-649f-4f10-862b-6502746484a4,"StanChart Finally Turns Bearish, Cuts Oil Price Forecast By $15/bbl",18,"StanChart이 드디어 곰세력에 합류하여 2026년과 2027년의 석유 가격 전망을 15달러/bbl 낮추었으며, 미래 전망이 변화되었음을 보여줌",-0.6,https://oilprice.com/Energy/Crude-Oil/StanChart-Finally-Turns-Bearish-Cuts-Oil-Price-Forecast-By-15bbl.html,"Oct 23, 2025 at 17:58",,"[16.22599220275879, 3.8856348991394043, -2.181232213973999, 0.4021018147468567, -0.9475160837173462, -0.7474097609519958, -0.47048261761665344, 0.4285790026187897, -0.9357374310493469, -0.4468207061290741, -0.6921316981315613, 0.4742940068244934, 0.5863412618637085, 0.0564417839050293, 0.459017813205719, -0.33231121301651, -0.3963660001754761, 0.3891788721084595, 0.8664356470108032, 1.3049213886260986, 0.8192192912101746, 0.5171048045158386, 0.0941300019621849, 1.1618731021881104, -0.2793557643890381, -0.9970303773880005, 0.3578874170780182, -0.1567617952823639, -0.15105311572551727, -0.36240696907043457, -0.15780185163021088, 0.38028162717819214, -0.2882665991783142, 0.24524939060211182, -0.20026595890522003, -0.042580634355545044, -0.05781593918800354, 0.38620930910110474, 0.4274863004684448, -0.6287446022033691, -0.1769382357597351, -0.05775262415409088, -0.871056079864502, -0.03419363498687744, -0.30533307790756226, 0.17583158612251282, 0.43726879358291626, 0.07281818985939026, -0.4102298617362976, 0.08280768990516663, -0.03956048935651779, 0.3027058243751526, -0.6349385976791382, 0.26086899638175964, -0.4398779273033142, 0.21722081303596497, -0.1969892382621765, 0.4603249132633209, 0.5516217350959778, -0.4018731117248535, 0.1802568882703781, -0.13558387756347656, 0.36746734380722046, -0.5917122960090637]"
71f13dfc-853c-4d78-8c95-ef72a4a0113a,Traders Spooked by Massive Crude Inventory Build,18,미국의 원유 재고가 예상을 크게 상회하여 크루드 오일 재고가 글로벌 공급 과잉을 야기할 것으로 예상되는 상황 속에서 미국의 원유 생산이 역대 최고치를 기록하고 있음,-0.6,https://oilprice.com/Energy/Crude-Oil/Traders-Spooked-by-Massive-Crude-Inventory-Build.html,"Oct 16, 2025 at 08:38",,"[16.386720657348633, 4.829732418060303, 1.2730952501296997, 2.473189353942871, 0.48703569173812866, -1.529691219329834, 0.8267082571983337, -0.22747161984443665, 0.2856042981147766, 0.7519690990447998, 0.3579855263233185, 0.8438826203346252, -0.7343515157699585, -0.18425774574279785, 0.1537150740623474, 0.3448626697063446, -0.038782745599746704, -0.7098219990730286, -0.12566334009170532, 0.2332620471715927, 0.2254423052072525, 0.4117932617664337, -0.03809928894042969, -0.16794750094413757, 0.8680570721626282, -0.32864993810653687, -0.31848394870758057, -0.569852352142334, -0.028940677642822266, -0.3319531977176666, 0.37783747911453247, -0.033890336751937866, 0.1628979593515396, -0.07564474642276764, -0.4624097943305969, -0.24546998739242554, -0.3384542465209961, 0.11611796915531158, -0.26446014642715454, 0.13394026458263397, 0.7554370164871216, 0.1447310745716095, -0.26131463050842285, -0.0018411874771118164, 0.20218110084533691, 0.3751058876514435, -0.043550387024879456, 0.02264983579516411, 0.028749078512191772, 0.14748334884643555, -0.006100669503211975, 0.12181901931762695, 0.3885430693626404, 0.4235760569572449, -0.11362940073013306, -0.03250780701637268, -0.13847887516021729, -0.18843808770179749, 0.14216849207878113, -0.0009693652391433716, -0.29774904251098633, -0.2690606415271759, -0.3058851957321167, 0.07642671465873718]"
ea994f84-04bd-4640-ab95-b9d1a6c1d095,India’s Defiance Could Reshape the Oil Chessboard,18,인도의 러시아 유류 수입에 대한 미국의 제재에 대한 인도의 저항이 국제 유가 시장에 영향을 줄 수 있음을 보여줌,-0.6,https://oilprice.com/Energy/Crude-Oil/Indias-Defiance-Could-Reshape-the-Oil-Chessboard.html,"Sep 01, 2025 at 10:59",,"[16.286178588867188, 5.022441864013672, -1.7270374298095703, 0.012976378202438354, -1.2983951568603516, -0.5190330743789673, -0.7690170407295227, 0.4972463548183441, -0.886246919631958, 1.2278133630752563, 0.27737540006637573, -0.36509689688682556, -0.20323249697685242, 0.24301588535308838, -0.4835986793041229, 0.46003127098083496, 0.2792300581932068, 1.1934363842010498, 0.783836841583252, 0.1916537582874298, 0.2991067171096802, -0.11345698684453964, 1.0394582748413086, -0.17275938391685486, 0.13251528143882751, 0.2780584692955017, -0.321908175945282, -0.04782630503177643, 0.346979022026062, 0.01724374294281006, 0.29920798540115356, 0.6990638971328735, -0.41774842143058777, -0.37946927547454834, 0.3882017731666565, 0.26216763257980347, -0.151497483253479, -0.32878774404525757, -0.7134796380996704, 0.1395980566740036, 0.10116948187351227, 0.0902230441570282, -0.19719335436820984, 0.12783771753311157, -0.17785030603408813, -0.47189897298812866, -0.002899184823036194, -0.36548057198524475, 0.23513740301132202, -0.30569103360176086, -0.014829099178314209, 0.07440641522407532, 0.16453170776367188, -0.16463759541511536, -0.0654565691947937, -0.18769130110740662, -0.09234094619750977, -0.08723655343055725, -0.07204967737197876, 0.0033775269985198975, -0.22938424348831177, 0.17544938623905182, 0.0637751966714859, 0.06630660593509674]"
d56c9195-5808-46c2-a0bd-ec83c9645e1c,Trump’s Confusing Message About Iranian Oil,18,"트럼프의 이란 석유에 대한 혼란스러운 메시지, 중국과 이란 간의 관계가 중요한 상황에서 미국의 석유 수출 경쟁이 강조됨",-0.6,https://oilprice.com/Energy/Crude-Oil/Trumps-Confusing-Message-About-Iranian-Oil.html,"Jun 27, 2025 at 08:29",,"[16.827068328857422, 4.079222202301025, -0.4390437602996826, 0.6620891094207764, -0.8766217231750488, -0.08794599771499634, 0.31790125370025635, 0.3037690818309784, -0.024236083030700684, 0.8052595853805542, 1.1252896785736084, 0.3033123314380646, 0.0318433940410614, 0.06811699271202087, 0.7316986322402954, -0.03678327798843384, 0.44846564531326294, -0.5278835892677307, -0.19958892464637756, 0.03685532510280609, 0.8639034032821655, -0.5017535090446472, -0.2689540982246399, -0.20700731873512268, 0.17518851161003113, -0.0900793969631195, 0.4810143709182739, 0.47865766286849976, -0.3426298499107361, -0.4274211823940277, -0.09047017991542816, 0.27057307958602905, -0.5771154165267944, -0.1128900796175003, -0.08584293723106384, -0.28035134077072144, -0.11331173777580261, -0.2056613564491272, -0.2595522403717041, 0.6237737536430359, 0.5546377897262573, 0.23462794721126556, -0.1383594274520874, -0.10772550106048584, 0.05441862344741821, 0.11276272684335709, -0.2696906328201294, 0.5400357246398926, 0.10027758777141571, -0.2193036675453186, 0.286548376083374, 0.10680663585662842, -0.16313940286636353, 0.039540231227874756, -0.15865570306777954, -0.04697485640645027, 0.020198404788970947, 0.03944060206413269, -0.19464623928070068, 0.02652105689048767, 0.01002831757068634, -0.06212589144706726, -0.052893489599227905, -0.04180965572595596]"
1619efc0-0187-4575-b754-0a5c2cbce4ae,Markets Scramble to Assess the Size of the Oil Glut,19,"국제 유가 시장은 오버서플라이에 대한 크기를 평가하기 위해 혼란스럽게 움직이고 있으며, 예상된 글로벌 유가 과잉 공급이 이전에 예상된 것보다 크다는 경고가 나왔다.",-0.7,https://oilprice.com/Energy/Crude-Oil/Markets-Scramble-to-Assess-the-Size-of-the-Oil-Glut.html,"Nov 04, 2025 at 10:47",,"[17.550556182861328, -0.7478265762329102, 0.7062586545944214, 0.1462121307849884, 0.45828354358673096, 0.3211155831813812, 0.03707855939865112, -0.9397992491722107, 1.029390811920166, 0.1360594630241394, -0.3643375337123871, 0.4860207438468933, -0.3850616216659546, -0.10963484644889832, -0.40335044264793396, 0.2768353819847107, -0.0708363801240921, 0.3487635850906372, 0.21201945841312408, -0.25746679306030273, -0.005928337574005127, 0.27477991580963135, -0.3907430171966553, -0.16394400596618652, 0.5940343737602234, -0.13138015568256378, 0.30101457238197327, 0.20416605472564697, 0.0615583211183548, -0.18142205476760864, 0.5483498573303223, 0.23148638010025024, -0.07959354668855667, -0.05943470448255539, -0.2334039956331253, -0.2706372141838074, 0.07539649307727814, 0.22539028525352478, 0.45768752694129944, 0.15310336649417877, -0.16740375757217407, -0.1624871790409088, -0.021783560514450073, 0.12068819999694824, 0.12827865779399872, 0.10115867853164673, 0.02649158239364624, -0.2150155007839203, 0.007107079029083252, 0.14343082904815674, 0.3803280293941498, -0.0107496976852417, 0.1047225296497345, 0.11020167171955109, 0.236768901348114, 0.0004889890551567078, 0.07789444923400879, 0.08492249250411987, 0.21233448386192322, -0.08760246634483337, 0.15448667109012604, 0.20661413669586182, -0.2857871651649475, 0.046866774559020996]"
9f60ad2d-2c99-41e1-876a-297ca17d0e21,Big Oil Cuts Back as $60 Oil Bites,19,"유가 하락에 따라 대규모 유가 기업들이 직원 감축과 지출 절감에 나서고 있으며, 미국 산유지역에서는 일자리 감소 속도가 빨라지고 있다.",-0.7,https://oilprice.com/Energy/Crude-Oil/Big-Oil-Cuts-Back-as-60-Oil-Bites.html,"Sep 10, 2025 at 13:07",,"[17.296165466308594, 0.49519872665405273, 1.7947273254394531, 0.8503851890563965, 1.9729198217391968, 0.02562648057937622, 0.515755295753479, -0.5607907772064209, 1.8337841033935547, 0.25922831892967224, 0.07356460392475128, -0.11441510915756226, 0.029072493314743042, -0.4395318329334259, -0.1361648142337799, 0.5021826028823853, 0.1315094232559204, -0.42210114002227783, 0.6172125339508057, -0.028921037912368774, 0.11267580091953278, -0.13948392868041992, -0.5679230690002441, 0.13186907768249512, 0.21210522949695587, -0.7276157736778259, -0.12461143732070923, -0.261001855134964, -0.7723618745803833, 0.12369558215141296, -0.12184801697731018, 0.4030211865901947, -0.3191661238670349, 0.21753065288066864, 0.1886097490787506, -0.03202474117279053, 0.0698869526386261, -0.2221013605594635, -0.22902075946331024, -0.0032914429903030396, -0.10372615605592728, 0.2403702735900879, 0.07965731620788574, -0.4178175628185272, -0.43954402208328247, 0.004580780863761902, -0.051179125905036926, 0.08649411052465439, -0.04631463438272476, 0.07096050679683685, 0.09448261559009552, -0.3238691985607147, -0.11382460594177246, -0.04191067814826965, 0.39624011516571045, -0.06607334315776825, -0.2364533245563507, 0.07249614596366882, -0.1576894223690033, 0.13481886684894562, 0.03847435116767883, 0.07729429751634598, -0.13717877864837646, 0.017399489879608154]"
138675a4-3313-4ef1-ae60-7b93b3e9df67,Trade Tensions Cloud Oil Outlook Despite Global Supply Headwinds,19,"미즈호 분석가는 8월 1일 미국의 관세로 인한 불확실성으로 석유 수요 파괴 가능성을 언급하며, 브렌트유 가격은 68.66달러로 일정한 범위 내에서 움직이고 있으며, 유가 관련 투자자들 간 견해가 분분하다는 보고가 나왔다.",-0.7,https://oilprice.com/Energy/Crude-Oil/Trade-Tensions-Cloud-Oil-Outlook-Despite-Global-Supply-Headwinds.html,"Jul 23, 2025 at 15:23",,"[17.413421630859375, -0.6636841893196106, 1.8681623935699463, 0.0460982471704483, -1.5873732566833496, 0.6554107666015625, -0.03338697552680969, 0.552341878414154, 0.008737117052078247, -1.0206618309020996, -0.0024231821298599243, -0.008292868733406067, -0.016527265310287476, 0.30308470129966736, 0.29726505279541016, 0.01898808777332306, -0.34149369597435, 0.22932100296020508, -0.37302523851394653, 0.45332571864128113, -0.2215988039970398, 0.1840321123600006, -0.08527374267578125, 0.06602784991264343, 0.11770576983690262, 0.2816588878631592, -0.033103927969932556, -0.19324877858161926, -0.20430304110050201, 0.31633710861206055, -0.16502612829208374, 0.18582677841186523, 0.1355763077735901, 0.1418820470571518, 0.023310765624046326, -0.12140703201293945, -0.1234528124332428, 0.06294073909521103, -0.004497691988945007, -0.323779433965683, -0.2208397388458252, -0.007872570306062698, 0.2163773477077484, -0.021575868129730225, -0.11610765010118484, -0.16272921860218048, 0.13237079977989197, 0.1335287243127823, -0.06831502914428711, 0.1788594126701355, 0.004859354346990585, -0.064211905002594, 0.08468601107597351, 0.06910152733325958, -0.14773410558700562, -0.13327732682228088, -0.2531512975692749, 0.03626221418380737, -0.13923227787017822, -0.23330998420715332, 0.08794019371271133, 0.06319423019886017, 0.05170662701129913, -0.01446571946144104]"
995708da-6618-442e-ade8-c6e93d858831,4 Oil Market Myths That Just Won’t Die,19,"미국이 에너지 독립이라는 말은 사실이 아닌데, 2020년부터 석유 수출국이 되었지만 여전히 원유를 수입하는 실정이며, OPEC만이 국제 유가를 조절하는 것도 사실이 아닌 것으로 밝혀졌다.",-0.7,https://oilprice.com/Energy/Crude-Oil/4-Oil-Market-Myths-That-Just-Wont-Die.html,"Jul 17, 2025 at 13:34",,"[17.272735595703125, -1.3655259609222412, 0.07153673470020294, 0.07448242604732513, -2.153165102005005, 0.26590514183044434, 0.004526115953922272, -0.8249242901802063, -0.45956382155418396, -0.7637838125228882, 0.6048147082328796, -0.29753369092941284, 0.5507373809814453, 0.10084393620491028, 0.949797511100769, -0.752993106842041, -0.5873585939407349, 0.04886746406555176, -0.3166864216327667, -0.2117675393819809, 0.6543078422546387, 0.25484371185302734, -0.18666745722293854, -0.0027521848678588867, 0.08663473278284073, 0.21246083080768585, -0.10137231647968292, 0.192894846200943, -0.24956312775611877, -0.06330135464668274, -0.13647443056106567, -0.06905871629714966, 0.11792504042387009, 0.029755180701613426, 0.3401328921318054, -0.022242963314056396, -0.27670127153396606, -0.2514458894729614, -0.10190445184707642, -0.007819322869181633, 0.04892945662140846, 0.16610153019428253, 0.22197788953781128, 0.30666136741638184, -0.09306994080543518, 0.3522689938545227, -0.17024053633213043, 0.03020179271697998, 0.08992103487253189, 0.10384634137153625, -0.30311474204063416, -0.2797829806804657, 0.016663849353790283, 0.14887937903404236, -0.3657672703266144, -0.2312459945678711, -0.16579046845436096, 0.1236225813627243, -0.05594465136528015, -0.05872055143117905, -0.05849184840917587, -0.0031486451625823975, -0.047775864601135254, -0.08705992996692657]"
e7330ce3-bfc7-4fac-8353-bd9dc973fa93,"Refinery Shutdowns, Growing Demand Could Send Fuel Inventories to 25-year Low",19,"미국의 두 굴착소 폐쇄로 연료 재고가 25년 만에 최저 수준으로 감소할 전망이며, 석유 연료 수요는 계속 증가할 것으로 예상됨.",-0.7,https://oilprice.com/Energy/Crude-Oil/Refinery-Shutdowns-Growing-Demand-Could-Send-Fuel-Inventories-to-25-year-Low.html,"Mar 04, 2025 at 12:02",,"[17.44814109802246, -0.3725142478942871, 0.3621310591697693, -0.3103291988372803, -1.0648572444915771, -0.24689209461212158, 1.4276059865951538, 0.5325483679771423, 0.3931925594806671, -0.06938517093658447, 0.04953448474407196, 0.062056489288806915, 0.2793278992176056, 0.6779521107673645, -0.6908696889877319, -0.6845099925994873, 0.2496291995048523, -0.29537931084632874, -0.6169319152832031, 0.4573133885860443, -0.0003412514925003052, -0.014972329139709473, 0.06387799978256226, -0.21146231889724731, 0.22803673148155212, 0.31579113006591797, -0.10367429256439209, -0.281231164932251, 0.2383740395307541, 0.28175508975982666, -0.12229669094085693, -0.1181977391242981, -0.19764825701713562, -0.05370870605111122, -0.055232591927051544, 0.28037217259407043, 0.2882595360279083, 0.06649096310138702, -0.16682179272174835, -0.01025748997926712, -0.20930247008800507, 0.11055070906877518, 0.2507267892360687, 0.1899958848953247, -0.3587394952774048, 0.033571869134902954, -0.01560431718826294, -0.15917010605335236, -0.3759562373161316, -0.11196967959403992, 0.1480090618133545, -0.21319299936294556, 0.14745719730854034, 0.08003924787044525, 0.020637989044189453, -0.2812512516975403, 0.030485838651657104, -0.11560091376304626, -0.022223234176635742, 0.05698566883802414, 0.014510251581668854, 0.21969571709632874, 0.20817388594150543, -0.1059316098690033]"
f753e8d1-fbd0-4508-911e-11a63a6b9ccf,OPEC: Oil Demand Growth To Slow In 2019,20,"OPEC은 2019년 세계 경제 성장이 올해보다 약간 낮아질 것으로 예상하며, 이에 따라 글로벌 석유 수요 성장도 둔화될 것으로 전망했다. 2019년에는 세계 석유 수요가 1.45백만 배럴/일 증가할 것으로 예상되며, 이는 2018년의 1.65백만 배럴/일 증가에 비해 낮은 수치이다.",-0.4,https://oilprice.com/Energy/Crude-Oil/OPEC-Oil-Demand-Growth-To-Slow-In-2019.html,"Jul 11, 2018 at 12:15",,"[16.59532928466797, -3.0309808254241943, -0.8295185565948486, 0.8604373335838318, -1.632408857345581, 0.12338858842849731, -0.2984617352485657, 1.3594505786895752, -1.7066583633422852, -0.9623677730560303, -1.0772455930709839, -0.13776296377182007, -0.17554497718811035, 0.2248035967350006, -0.16641581058502197, 0.48966184258461, -0.5046237707138062, 0.8186420202255249, -0.33125025033950806, 0.09085974097251892, 0.5802425146102905, -0.3092622756958008, 0.07323987782001495, -0.8203258514404297, -0.3954229950904846, 0.18695002794265747, 0.09701474010944366, 0.506614625453949, 1.1629819869995117, 0.31611937284469604, 0.9715167284011841, 0.46185073256492615, -0.36852943897247314, -0.424968957901001, -0.25983142852783203, 0.20144084095954895, -0.010804757475852966, -0.6356621980667114, 0.5447871685028076, 0.19633673131465912, -0.08196695148944855, 0.7332063913345337, 0.008442819118499756, -0.3642835021018982, 0.4121013879776001, -0.24673135578632355, -0.0007753372192382812, -0.04064999893307686, -0.8610349893569946, 0.5121037364006042, 0.12340330332517624, -0.8677682280540466, 0.02128741145133972, 0.14166632294654846, 0.041505247354507446, -0.4379224181175232, -0.06138718128204346, -0.2305525541305542, 0.20559999346733093, -0.11170585453510284, 0.06259149312973022, -0.2118934988975525, -0.14334270358085632, -0.18357472121715546]"
a2d908ba-bb63-4601-804f-66dd8f2d09f3,"Iraqi Kurdistan Oil Exports Resume To Turkey, But For How Long?",20,이라크 쿠르드산 석유 수출이 터키로 재개되었지만 계속될 수 있을까?,-0.6,https://oilprice.com/Energy/Crude-Oil/Iraqi-Kurdistan-Oil-Exports-Resume-To-Turkey-But-For-How-Long.html,"Sep 29, 2025 at 10:58",,"[15.93907642364502, -0.7033262848854065, -1.0750443935394287, -2.029021739959717, 1.811283826828003, 0.40791600942611694, 2.5882785320281982, 0.5865634083747864, -2.005739212036133, -2.58297061920166, 1.5988013744354248, -0.6753016114234924, -0.668418824672699, -0.6626616716384888, 0.7693983316421509, 1.3494699001312256, 1.2928913831710815, -1.399882197380066, -0.0995199978351593, 1.0530116558074951, -1.0127854347229004, -1.1840040683746338, -1.297471046447754, -0.6011771559715271, -0.7061878442764282, 0.4293273687362671, -0.630723237991333, 0.012141332030296326, 0.11588489264249802, -0.3998490869998932, 0.2044556438922882, 0.1883961260318756, 0.18317072093486786, 0.3761442303657532, -0.4426451325416565, -0.28882765769958496, 0.5033171772956848, 0.07100725919008255, -0.8739246726036072, 0.4063366949558258, -0.597143292427063, 0.1351184993982315, 0.40271830558776855, 0.10117608308792114, -0.23337480425834656, 0.43014922738075256, -0.1946847140789032, -0.6828618049621582, 0.18587183952331543, 0.2801121771335602, 0.06696812808513641, -0.37333062291145325, 0.14047794044017792, 0.12716808915138245, 0.10839635133743286, 0.37198567390441895, 0.22798138856887817, -0.1010962426662445, 0.06889446079730988, 0.10250569134950638, 0.24217602610588074, -0.013471096754074097, 0.01124793291091919, -0.005360543727874756]"
0327f6ee-b14d-4869-aa1b-8518da40736d,Oil Pipeline Lifeline for Canada Comes Under Siege in Michigan,20,"미시간 주 최고법원이 Enbridge의 Line 5 파이프라인을 놓고 법적 분쟁이 벌어지고 있으며, 미국 최고법원은 파이프라인 터널 건설 허가에 대한 소송을 듣기로 합의했다.",-0.6,https://oilprice.com/Energy/Crude-Oil/Oil-Pipeline-Lifeline-for-Canada-Comes-Under-Siege-in-Michigan.html,"Sep 19, 2025 at 15:08",,"[17.187002182006836, -0.31643590331077576, -1.212418794631958, -0.7069156169891357, 1.3566818237304688, 0.491565465927124, -0.8460239171981812, -1.1527050733566284, -1.1672955751419067, 0.0781300961971283, 0.599650502204895, -0.1357744336128235, -0.017079845070838928, -0.22982731461524963, -0.010055363178253174, -0.24542129039764404, 0.2101290076971054, 0.4837994873523712, 0.5316302180290222, 0.24069121479988098, 0.15318861603736877, -0.6520127058029175, -0.44482824206352234, 0.25797292590141296, -0.028577879071235657, -0.1742464303970337, 0.7130160927772522, -0.3991362452507019, 0.08791258186101913, -0.16054242849349976, -0.4874378740787506, 0.14603206515312195, -0.08281857520341873, -0.16289985179901123, 0.15822991728782654, -0.08384871482849121, 0.18962380290031433, 0.059781067073345184, 0.1477152556180954, -0.5573452115058899, -0.0771481990814209, -0.010908149182796478, 0.1260729432106018, -0.04392021894454956, 0.05606585741043091, -0.09742176532745361, -0.20104971528053284, -0.23411059379577637, 0.2608930468559265, -0.06117287278175354, 0.2961159646511078, -0.1461762636899948, -0.0603521429002285, 0.1414535641670227, -0.18044018745422363, -0.3607143759727478, 0.241948664188385, -0.1985800564289093, 0.5403085947036743, 0.08306466042995453, 0.5741739869117737, 0.03580131009221077, -0.0033749043941497803, 0.14481201767921448]"
be022a56-e131-4439-a459-f03d600c0e7d,Brent Near Month High Before Pullback,20,"브렌트유 10월 인도 세율 인상으로 가격 하락, 러시아 원유 수입 증가와 유럽 감소 대조",-0.6,https://oilprice.com/Energy/Crude-Oil/Brent-Near-Month-High-Before-Pullback.html,"Aug 27, 2025 at 17:56",,"[16.4976749420166, 1.1666676998138428, 0.3757823705673218, -2.183617115020752, 3.406383991241455, 3.0904104709625244, -0.9443601369857788, 0.2356397807598114, 0.24633727967739105, -1.2663471698760986, 0.762433648109436, -0.4300681948661804, 0.39950665831565857, 0.6622889041900635, 0.2803788483142853, 0.4372294247150421, -0.2627553641796112, 0.1321611851453781, 1.0728751420974731, 0.7483279705047607, 0.4598851203918457, 0.2763116955757141, -0.4436819553375244, 0.15054035186767578, -0.2377263754606247, 0.4549100697040558, -0.27374279499053955, -0.45217275619506836, -0.3477790057659149, 0.3183158040046692, -0.35400518774986267, -0.7153226137161255, 0.3217337727546692, -0.23890097439289093, -0.31169337034225464, -0.17825180292129517, -0.42495232820510864, 0.3945378065109253, -0.12196673452854156, 0.09327500313520432, 0.10484777390956879, -0.021195735782384872, 0.07452765107154846, 0.02689260244369507, 0.05864432454109192, -0.306781530380249, -0.36053553223609924, -0.3059411942958832, -0.5327110886573792, 0.17603367567062378, -0.09787815809249878, 0.16186726093292236, -0.3237112760543823, -0.7288303375244141, 0.09142625331878662, -0.1859838366508484, 0.25969013571739197, 0.23883995413780212, 0.37866634130477905, 0.19174018502235413, 0.22773870825767517, 0.18350985646247864, -0.227792888879776, 0.18172615766525269]"
39eb3766-58c9-47fa-9d95-c1a5dcc7fcc0,Trump’s Tariff Gambit Puts India in an Oil Price Bind,20,"미국의 추가 관세 결정으로 인도가 러시아 유가 수입 문제에 직면하며, 저렴한 에너지와 수출 간의 교차로에 섰다.",-0.6,https://oilprice.com/Energy/Crude-Oil/Trumps-Tariff-Gambit-Puts-India-in-an-Oil-Price-Bind.html,"Aug 11, 2025 at 14:37",,"[17.316930770874023, -1.0080981254577637, -0.4539492130279541, -0.9509055018424988, -2.239260196685791, -0.5118691921234131, 0.0009954273700714111, 0.06586669385433197, 0.6657052636146545, 0.22932574152946472, 0.25162672996520996, -0.979533314704895, -0.061741217970848083, 0.006654560565948486, -0.15021657943725586, 0.36197471618652344, 0.2281970977783203, -0.17383340001106262, 0.06410259008407593, 0.08346967399120331, 0.0631340742111206, -0.07919487357139587, -0.07662332057952881, 0.10344469547271729, 0.32199859619140625, -0.39634275436401367, 0.26892703771591187, -0.2899048626422882, 0.46663469076156616, 0.0507349967956543, 0.4088682532310486, -0.39725494384765625, -0.6198686361312866, -0.5401684045791626, 0.313396155834198, 0.2623223662376404, 0.16127683222293854, -0.011316459625959396, -0.42176249623298645, -0.0359920971095562, -0.15367066860198975, -0.24302296340465546, -0.3536050617694855, -0.028265774250030518, -0.1158849373459816, -0.07064485549926758, -0.44333943724632263, 0.02727138064801693, -0.3252895176410675, -0.11195534467697144, 0.0939590111374855, -0.6026813387870789, 0.09712371230125427, 0.06659908592700958, 0.014016866683959961, -0.14672179520130157, 0.05446943640708923, 0.20237700641155243, 0.4345478415489197, -0.25163063406944275, -0.2306785136461258, 0.29554927349090576, 0.0779249370098114, -0.09365256130695343]"
5d10e5f7-7be3-4ec4-840a-2e398e54cd12,Baker Hughes Reports Uptick in U.S. Rig Count,21,"미국의 유류 및 가스 용 활성 드릴링 플랫폼이 증가하고, 원유 생산량은 감소하는 추세를 보이며, 유가는 하락하고 있다.",-0.6,https://oilprice.com/Energy/Crude-Oil/Baker-Hughes-Reports-Uptick-in-US-Rig-Count.html,"Jul 18, 2025 at 12:13",,"[17.282573699951172, -1.2024105787277222, -1.4453200101852417, 0.00744977593421936, 0.4279554486274719, 1.3492305278778076, 0.020021677017211914, 0.65666663646698, 0.565066933631897, -0.09307411313056946, -0.36048412322998047, 0.11848034709692001, -0.19033686816692352, -0.0898333489894867, -0.8881326913833618, -0.5764350295066833, 0.0548471137881279, -0.90276700258255, 0.2015063315629959, 0.15752734243869781, -0.31832730770111084, 0.3757995367050171, -0.573397696018219, -0.007427632808685303, 0.2944962680339813, 0.09640997648239136, -0.19005434215068817, 0.009302712976932526, -0.02786935865879059, -0.01345890760421753, 0.5391465425491333, -0.23380810022354126, 0.09161600470542908, 0.23738235235214233, 0.41195935010910034, -0.5392100214958191, 0.001623108983039856, 0.202788308262825, -0.40179309248924255, -0.04732994735240936, 0.15768150985240936, 0.1051601842045784, 0.45908960700035095, -0.12517648935317993, 0.1207953691482544, -0.1412077397108078, -0.1473141312599182, 0.22816914319992065, 0.14972272515296936, -0.3184864819049835, -0.11543342471122742, 0.05944320559501648, 0.15947602689266205, -0.3613007664680481, -0.09307613968849182, 0.06624747812747955, -0.06959962844848633, 0.293967068195343, 0.1674264669418335, 0.0803157389163971, 0.02656695805490017, 0.0426345095038414, -0.025909453630447388, 0.1355857253074646]"
e7553112-4547-4500-97d4-93151952e48e,"U.S. Sanctions, Not Demand, Behind Weak Start for Asian Oil Imports",21,"아시아로의 석유 수입이 예상보다 낮아져 국제 유가 수요 전망에 의문이 제기되고 있으며, 미국의 제재가 아시아 석유 수입의 약세에 영향을 미치고 있다.",-0.6,https://oilprice.com/Energy/Crude-Oil/US-Sanctions-Not-Demand-Behind-Weak-Start-for-Asian-Oil-Imports.html,"Mar 03, 2025 at 10:47",,"[17.09956169128418, -1.0254244804382324, -1.6617481708526611, 1.530104637145996, 0.46853774785995483, 1.3427700996398926, 0.6451861262321472, -1.0336949825286865, 0.15327414870262146, 0.3581678569316864, 0.6915754675865173, -1.8901700973510742, 0.5335271954536438, 0.280132919549942, 0.30527016520500183, 0.7192288041114807, 0.5092929005622864, 0.4561558961868286, 0.7982354164123535, -0.4164981245994568, -0.1150979995727539, -0.4849074184894562, 0.681196928024292, -0.2139725685119629, 0.1580205112695694, -0.049364373087882996, 0.1695895493030548, -0.04196003079414368, 0.04005095362663269, 0.3637060523033142, 0.0018198788166046143, -0.10670313239097595, -0.5744442939758301, -0.23666103184223175, -0.26707810163497925, -0.08100646734237671, 0.31885555386543274, 0.1443532109260559, -0.3549572825431824, -0.010595925152301788, -0.40666860342025757, 0.18331411480903625, 0.24209272861480713, -0.1184578537940979, -0.27046650648117065, -0.33599522709846497, 0.182846337556839, 0.12243800610303879, -0.14871037006378174, 0.07673031091690063, 0.2905094623565674, -0.2911585867404938, 0.08607850968837738, 0.08058029413223267, 0.10657453536987305, -0.3708956837654114, 0.0014664530754089355, 0.3132002651691437, -0.01386973261833191, 0.13014134764671326, 0.11803315579891205, 0.07931925356388092, 0.19110214710235596, -0.05062475800514221]"
7d3ca4ad-751d-4038-b112-ce7cfa041374,Oil Jumps on Fuel Inventory Draws,21,"미국의 에너지 정보국(EIA) 보고서에 따르면 연료 재고가 감소하면서 국제 브렌트유는 상승세를 보였으며, OPEC과 IEA는 올해와 내년에 공급 과잉을 예상하고 있다.",-0.6,https://oilprice.com/Energy/Crude-Oil/Oil-Jumps-on-Fuel-Inventory-Draws.html,"Nov 14, 2024 at 10:10",,"[16.956588745117188, 0.8953179121017456, -1.8445998430252075, 1.3048958778381348, 0.443244993686676, -0.7995461225509644, -1.3549872636795044, -0.2768087685108185, -0.9094025492668152, 0.08552537858486176, -0.6752474308013916, -0.34992754459381104, 0.8825216293334961, -0.45198407769203186, -0.21506063640117645, 0.09529292583465576, -0.5268181562423706, 0.1853911429643631, 0.10566265881061554, 0.7355155944824219, -0.2617223262786865, 0.36512839794158936, -0.9602511525154114, 0.10217857360839844, 0.3407202363014221, 0.3070084750652313, 1.4301108121871948, 0.06181526929140091, -0.5309865474700928, -0.737369179725647, -0.3913077712059021, -0.3261837661266327, 0.2284766435623169, 0.21520455181598663, 0.234630286693573, 0.03618341684341431, -0.06054045259952545, -0.05480807274580002, 0.12429597973823547, 0.3429669439792633, 0.017390664666891098, 0.057547926902770996, -0.31959664821624756, 0.0045683979988098145, -0.024910062551498413, 0.3076944947242737, 0.7620387673377991, 0.17842286825180054, -0.3828321695327759, 0.3120173215866089, 0.08747976273298264, 0.025215983390808105, 0.0997125506401062, -0.03820240497589111, 0.18077528476715088, 0.16103877127170563, -0.34470894932746887, -0.3511154353618622, 0.05203548073768616, -0.1815553903579712, -0.6010156869888306, -0.27394863963127136, -0.14197808504104614, 0.03255490958690643]"
04951a85-8ffa-4677-aa3a-256a1329872a,"Bears Still Rule Oil Market, But for How Long?",21,"국제 유가 시장에서 곰팡이가 여전히 주도하고 있지만, 얼마나 오랫동안 계속될지 의문이다. OPEC, IEA, EIA의 최신 보고서에 따르면 석유 수요 전망이 하락하고 있으며, 미국의 석유 생산과 수요에 대한 전망도 암울하다.",-0.6,https://oilprice.com/Energy/Crude-Oil/Bears-Still-Rule-Oil-Market-But-for-How-Long.html,"Oct 17, 2024 at 12:53",,"[16.992551803588867, -2.1371877193450928, -1.3924462795257568, 0.23801584541797638, 0.033993035554885864, 0.6417770385742188, -0.6323445439338684, 0.5936108231544495, -0.8348159790039062, 1.0013407468795776, -0.6597075462341309, -1.025343418121338, -0.14049679040908813, 0.06163853406906128, 1.7028766870498657, 0.1536765992641449, 0.2557782828807831, -0.5480033159255981, 0.2807033061981201, 3.477931022644043e-05, -0.3393242061138153, -0.4755619466304779, 0.25950321555137634, 0.02793663740158081, -0.17718505859375, -0.04428260773420334, 0.3124067187309265, 0.17257720232009888, 0.4412471652030945, -0.07869109511375427, 0.6284917593002319, -0.3660343885421753, 0.16637933254241943, -0.3252415955066681, 1.1242008209228516, 0.21962407231330872, -0.600892186164856, -0.3105083107948303, 0.11582264304161072, 0.47659796476364136, 0.4974021017551422, 0.3738253116607666, -0.19263657927513123, 0.38816434144973755, -0.23591509461402893, -0.05936363339424133, 0.7289672493934631, -0.358321875333786, -0.1820583939552307, -0.10047635436058044, 0.46182599663734436, 0.06749144196510315, 0.04843561351299286, 0.22800561785697937, -0.28296101093292236, -0.046973079442977905, -0.17276912927627563, -0.3162524104118347, 0.14452794194221497, 0.13066184520721436, -0.5472294688224792, 0.14307847619056702, -0.14395025372505188, 0.41746100783348083]"
54b866ae-397d-4f85-b698-f4aa935aeaf0,U.S. Oil and Gas Rig Count Falls for Second Week,21,"미국의 석유 및 가스 시추 플랫폼 수가 두 번째 주에 줄어들었으며, 원유 생산량도 감소하고 유가는 하락세를 보였다.",-0.6,https://oilprice.com/Energy/Crude-Oil/US-Oil-and-Gas-Rig-Count-Falls-for-Second-Week.html,"Aug 16, 2024 at 12:27",,"[17.066152572631836, -2.271357297897339, -2.2232117652893066, 0.447449266910553, -0.37812280654907227, 0.024463295936584473, 1.5334086418151855, 0.39355868101119995, 1.0022059679031372, -0.4073478877544403, -0.0919579416513443, -0.8199652433395386, -0.06246429681777954, 0.3742563724517822, -0.0075948238372802734, -0.24697798490524292, 0.43703001737594604, -0.5277567505836487, -0.07277652621269226, 0.2836453914642334, -0.2011091113090515, -0.1329846978187561, 0.496389776468277, -0.2588965892791748, 0.4017520844936371, -0.4429093897342682, -0.04053167998790741, -0.5292752385139465, -0.1693488210439682, 0.2535422742366791, 0.3660232126712799, -0.35849595069885254, 0.23194840550422668, 0.027482949197292328, 0.17432761192321777, -0.22642523050308228, -0.03858094662427902, -0.09527552127838135, -0.15629205107688904, 0.3907437026500702, 0.29901522397994995, 0.025328733026981354, 0.2518531084060669, -0.19385814666748047, 0.281745582818985, 0.15011322498321533, 0.11264196038246155, -0.19931399822235107, 0.05196884274482727, 0.18832805752754211, -0.09757748991250992, -0.16986092925071716, -0.11218203604221344, -0.04450249671936035, -0.1226208508014679, 0.1731909215450287, -0.3152371942996979, 0.06932622194290161, 0.1947360634803772, -0.12183412909507751, -0.1738719642162323, -0.12705852091312408, 0.15363574028015137, -0.1940235197544098]"
cced8e7c-42af-4afa-aa38-435c411388c4,U.S. Drilling Dips Slightly Amid Rising Oil Prices,22,"미국의 활성 드릴링 랙 수가 이번 주에 5대 감소하며 원유 가격 상승에도 불구하고 조금 감소했다. 이번 주의 랙 수는 664대로, 올해 들어 100대 이상의 활성 드릴링 랙이 감소했다.",-0.3,https://oilprice.com/Energy/Crude-Oil/US-Drilling-Dips-Slightly-Amid-Rising-Oil-Prices.html,"Jul 28, 2023 at 12:12",,"[17.261966705322266, -1.4562515020370483, 1.161996603012085, -0.9276866912841797, -0.5251473188400269, 0.7514556050300598, -0.8130183219909668, 1.66165292263031, -1.6848071813583374, 0.7636532187461853, 0.015979453921318054, -0.3490382730960846, -0.35768982768058777, 0.009754270315170288, -0.3365750014781952, -0.3667232394218445, -0.43477797508239746, -0.2609473168849945, 0.30694329738616943, 0.07438330352306366, -0.22921507060527802, 0.3843131363391876, 0.008940815925598145, 0.12664121389389038, -0.42334645986557007, -0.009998038411140442, -0.23742033541202545, -0.1804160177707672, -0.04950807988643646, -0.001538008451461792, 0.17655552923679352, 0.08923274278640747, -0.14815357327461243, 0.0725998729467392, 0.37928667664527893, 0.04428750276565552, -0.03229939937591553, -0.1278519183397293, -0.4093795418739319, -0.08605972677469254, 0.5652559995651245, -0.15449349582195282, 0.22769252955913544, -0.177313894033432, 0.08552117645740509, -0.4410020411014557, -0.28417152166366577, -0.22566896677017212, 0.2599840760231018, 0.15819577872753143, 0.28394246101379395, -0.2248753309249878, 0.15154656767845154, -0.20972712337970734, -0.045814454555511475, -0.10440342128276825, 0.27698302268981934, -0.049575984477996826, -0.14711719751358032, -0.4181140661239624, 0.25995227694511414, -0.1718534380197525, 0.07841026782989502, -0.025861263275146484]"
9e74b972-15ee-440c-9187-bda375539d4f,No One Knows What’s Next For Oil Demand,22,"세 가지 주요 에너지 기관의 유가 수요 전망이 상이하며, OPEC은 성장을 예상하고 IEA는 둔화를 예상하고 EIA는 예상치를 조정했다.",-0.3,https://oilprice.com/Energy/Crude-Oil/No-One-Knows-Whats-Next-For-Oil-Demand.html,"Dec 16, 2021 at 15:31",,"[17.097309112548828, -1.7045865058898926, -1.1693854331970215, -0.795870840549469, -1.376446008682251, -1.0751886367797852, 0.748348593711853, -0.9682843685150146, -0.3919098377227783, -0.7463026642799377, -0.027135714888572693, -1.2813587188720703, 0.4436202049255371, 1.127925157546997, 0.23079124093055725, -0.21519729495048523, -0.5479367971420288, -0.32004880905151367, 0.047856688499450684, 0.5792481899261475, 0.5730398297309875, -0.14340968430042267, 0.2190835177898407, -0.24124521017074585, 0.5980742573738098, 0.07359015196561813, 0.4540913999080658, 0.7406468391418457, -0.5371284484863281, 0.16251063346862793, 0.13872385025024414, 0.8777362704277039, 0.0899033397436142, -0.4940202236175537, 0.29118311405181885, -0.5473756790161133, -0.06671610474586487, 0.35831522941589355, 0.056210607290267944, -0.2961340546607971, 0.33302977681159973, 0.21387211978435516, 0.000598609447479248, 0.44833093881607056, -0.589899480342865, 0.17158176004886627, 0.15188732743263245, -0.1300216019153595, 0.2074839323759079, -0.23762063682079315, 0.14900074899196625, -0.009794950485229492, 0.16644906997680664, -0.05186516046524048, -0.14047425985336304, -0.14121288061141968, -0.10918524861335754, -0.12707342207431793, -0.2827622890472412, 0.05194588005542755, 0.11058896780014038, 0.047747522592544556, 0.08983910083770752, 0.015006966888904572]"
a1b6665e-4763-47a1-b504-65c2ad4d8c72,Crude Traders Split on Whether the Glut Has Arrived,22,"중동 유가가 시장에 남아있는 수백만 배럴의 원유를 판매하지 못하고 남겨두었으며, 이는 오랫동안 예측되어온 과잉 공급의 첫 번째 징후로 여겨질 수 있다.",-0.4,https://oilprice.com/Energy/Crude-Oil/Crude-Traders-Split-on-Whether-the-Glut-Has-Arrived.html,"Oct 03, 2025 at 14:07",,"[17.435049057006836, -1.039175271987915, -0.37958067655563354, 0.8257546424865723, 1.2152385711669922, 1.1277977228164673, 1.0188093185424805, -0.6156291365623474, 0.4819648563861847, -0.43312111496925354, 0.28219088912010193, 0.06914491951465607, 0.2593313455581665, 0.4422428011894226, -0.35740816593170166, -0.19635358452796936, 0.27513229846954346, -0.27400147914886475, 0.2024819254875183, -0.2611478865146637, 0.0658477395772934, 0.2170874923467636, 0.3962757885456085, 0.030875802040100098, 0.19191928207874298, 0.17534276843070984, 0.12782655656337738, -0.3161740005016327, -0.3295227885246277, -0.2909645438194275, -0.11403930187225342, 0.17438483238220215, -0.09330719709396362, 0.2948684096336365, -0.40099090337753296, -0.006398916244506836, -0.20471146702766418, 0.0087771937251091, -0.12051258981227875, 0.16378414630889893, -0.034042537212371826, 0.1404707282781601, -0.03753858804702759, -0.06144833564758301, -0.12391437590122223, -0.06649787724018097, -0.027655139565467834, 0.16529527306556702, -0.21909703314304352, 0.10373079776763916, 0.059901632368564606, 0.1129283607006073, -0.09440215677022934, -0.4388584494590759, 0.0590435266494751, -0.034608468413352966, 0.04692929983139038, 0.007532984018325806, -0.12537851929664612, 0.3868929147720337, -0.24716487526893616, 0.1581220030784607, 0.08325716853141785, 0.10734549164772034]"
07ac34ca-889b-4750-ab93-4f9cf38234b8,EIA Reports Significant Build in U.S. Crude Stockpiles,22,"미국의 원유 재고가 상당히 늘어나며, 국내 상업 재고는 5년 평균 대비 3% 낮아졌다. 가솔린 생산은 감소하고, 디젤 재고는 크게 증가했다.",-0.4,https://oilprice.com/Energy/Crude-Oil/EIA-Reports-Significant-Build-in-US-Crude-Stockpiles.html,"Sep 10, 2025 at 10:04",,"[17.080650329589844, 0.2870113253593445, 0.3640786409378052, -0.4707326591014862, -0.39613810181617737, 1.3438225984573364, -0.3715476989746094, 1.1153340339660645, -0.5756772756576538, -0.2576134502887726, -1.3195713758468628, 0.24036960303783417, 0.14156842231750488, 0.02995261549949646, 0.15513876080513, -1.3605437278747559, -0.3904060125350952, -0.27966931462287903, -0.22236739099025726, -0.07569524645805359, 0.3177194893360138, -0.4525498151779175, -0.7966347932815552, 0.5925480723381042, -0.2712264657020569, -0.49732911586761475, 0.03154434263706207, 0.48434120416641235, -0.28446099162101746, 0.03949940204620361, -0.22519877552986145, 0.13014185428619385, -0.35441821813583374, -0.11295899748802185, -0.7510223984718323, -0.4293826222419739, -0.26850950717926025, 0.6959667801856995, -0.3390410542488098, 0.3357618451118469, -0.016108371317386627, -0.2663304805755615, -0.4514402151107788, 0.14333772659301758, 0.3907579481601715, 0.32938194274902344, 0.12449339777231216, 0.19971200823783875, -0.07111084461212158, 0.2998114824295044, 0.27600857615470886, -0.14157436788082123, -0.0013677030801773071, 0.07537567615509033, -0.19433897733688354, 0.055212318897247314, 0.44881612062454224, -0.4099694788455963, -0.07740682363510132, 0.011495843529701233, -0.1360129863023758, 0.015764281153678894, -0.10159295797348022, 0.24136203527450562]"
473a78d0-583f-42bf-9d81-24e17844a6a6,Oil Prices Sink As EIA Confirms Surprise Inventory Build,22,"미국의 EIA 보고서에 따르면 원유 재고가 예상보다 증가하며, 유가는 하락세를 보이고 있다.",-0.4,https://oilprice.com/Energy/Crude-Oil/Oil-Prices-Sink-As-EIA-Confirms-Surprise-Inventory.html,"Sep 04, 2025 at 11:22",,"[17.068958282470703, -1.0818301439285278, -1.7696654796600342, -1.515958547592163, -0.8636752963066101, -1.2397629022598267, 0.3291832208633423, -0.2738945484161377, 0.38304200768470764, -0.10697215795516968, -1.3271784782409668, -0.42310190200805664, 0.09059502184391022, 0.25441280007362366, 0.37562310695648193, -0.48044735193252563, 0.18321973085403442, -0.23043933510780334, 0.42156699299812317, -0.14064434170722961, -0.8368433713912964, 0.5711971521377563, -0.5898144245147705, 0.21708935499191284, 1.2116382122039795, -0.12438943237066269, -0.04148641228675842, -0.7978254556655884, 0.23043037950992584, -0.613553524017334, -0.09692704677581787, 0.07996350526809692, 0.6968512535095215, 0.4394950866699219, -0.022171705961227417, -0.05909895896911621, -0.5784448385238647, 0.17876768112182617, -0.23805047571659088, 0.28219133615493774, 0.22863204777240753, 0.38433533906936646, 0.03270629048347473, -0.10375481843948364, -0.035684242844581604, 0.28054946660995483, 0.2966618835926056, 0.2723493278026581, 0.27249789237976074, -0.30343443155288696, -0.12359530478715897, -0.020176663994789124, 0.07068184018135071, 0.0821944922208786, -0.3848678171634674, -0.3246866464614868, -0.4041746258735657, 0.11414927244186401, 0.4693450331687927, 0.016217321157455444, -0.13377094268798828, -0.17305350303649902, 0.024014204740524292, -0.098218634724617]"
3cf9260f-4fe5-4910-848e-a89954f6eb10,Is This Lithium Battery Breakthrough Too Good To Be True?,23,"리튬 전지에 철을 사용한 새로운 배터리 프로젝트가 성공적으로 진행되어, 전기차 시장에 혁명을 일으킬 수 있는 가능성이 열린 것으로 보인다.",0.8,https://oilprice.com/Energy/Crude-Oil/Is-This-Lithium-Battery-Breakthrough-Too-Good-to-Be-True.html,"Jan 08, 2018 at 15:53",,"[17.224781036376953, 2.024844169616699, -0.4301421642303467, -0.6297793984413147, -0.45620831847190857, 0.2534831762313843, -1.0075145959854126, -1.4570088386535645, -0.4741736948490143, -0.043792590498924255, -0.19475001096725464, 0.27480578422546387, -0.41075512766838074, -0.03076249361038208, -0.5092089176177979, -0.7339327335357666, -0.364627480506897, 0.37158524990081787, -0.06537199020385742, -0.1934063881635666, -0.19246307015419006, -0.34155791997909546, -0.40153753757476807, 0.18090426921844482, -0.24150510132312775, -0.1848432719707489, 0.1199149638414383, -0.16692975163459778, 0.049494728446006775, -0.11560490727424622, 0.050237372517585754, 0.2783581018447876, -0.26514333486557007, 0.48627376556396484, -0.12290215492248535, -0.14326784014701843, 0.49066925048828125, -0.017179418355226517, 0.5684918761253357, 0.14483268558979034, -0.399234801530838, -0.04893917590379715, -0.2190740406513214, 0.3790353536605835, -0.33269739151000977, -0.10436809062957764, 0.24498289823532104, -0.34874463081359863, -0.314394474029541, -0.41453078389167786, -0.28757017850875854, -0.3697296679019928, -0.25166696310043335, 0.16025575995445251, -0.04193583130836487, 0.1446629762649536, -0.10219311714172363, 0.11725300550460815, -0.12543320655822754, 0.09778454154729843, 0.038048580288887024, 0.19927360117435455, 0.28434818983078003, -0.3381003439426422]"
1ea552dd-1bef-464a-ac00-03b8fdd3058f,Will Trump's Second Term Bring Lasting Peace to the Red Sea?,23,트럼프의 재임 기간이 남부 적도와 아덴만 지역의 안정을 가져올 수 있을까? 국제 유가와 해양 통로에 미치는 영향을 분석,0.7,https://oilprice.com/Energy/Crude-Oil/Will-Trumps-Second-Term-Bring-Lasting-Peace-to-the-Red-Sea.html,"Dec 18, 2024 at 09:34",,"[16.74884796142578, 4.3632330894470215, -0.908936619758606, -0.028008371591567993, -1.2535436153411865, -0.09828847646713257, -0.02064521610736847, 0.1354791522026062, -0.11820405721664429, -0.5777539014816284, 0.011803656816482544, 0.3387758731842041, -0.502108633518219, 0.522059440612793, 0.5080764293670654, 0.06768757849931717, 0.23309287428855896, -0.5628458261489868, 0.5612063407897949, 0.07976509630680084, 0.004910945892333984, -0.3212272822856903, -0.5257838368415833, -0.003980785608291626, 0.16567784547805786, 0.4458893835544586, -0.1555280238389969, 0.1361788660287857, 0.10123079270124435, -0.5512999296188354, -0.193363219499588, 0.19758915901184082, -0.1266724318265915, -0.37134242057800293, -0.5138944387435913, 0.02848970890045166, -0.13986635208129883, 0.03914172202348709, -0.1957673728466034, -0.11771681904792786, -0.10588619858026505, 0.07974658161401749, -0.14916950464248657, -0.18928658962249756, -0.42499345541000366, -0.25934672355651855, 0.7809858322143555, -0.023891672492027283, 0.530604362487793, -0.0877927914261818, 0.06750662624835968, -0.1477079838514328, -0.06224377453327179, 0.2688554525375366, -0.1325814127922058, 0.14754794538021088, -0.0038264989852905273, 0.06794530153274536, 0.007360398769378662, 0.04820382595062256, -0.021232575178146362, 0.10394695401191711, 0.3792600631713867, -0.08323989808559418]"
2ed6bc4c-0d54-4cc2-849c-56f47e158a75,"As Oil Struggles To Hit $90, Will OPEC+ Cut Production Again Soon?",23,OPEC+가 생산 감산을 연장하고 브렌트유 가격이 90달러를 돌파하지 못하자 사우디 아라비아와 러시아가 추가 생산 감산을 할지에 대한 논의가 예상된다.,0.7,https://oilprice.com/Energy/Crude-Oil/As-Oil-Struggles-To-Hit-90-Will-OPEC-Cut-Production-Again-Soon.html,"Jul 01, 2024 at 13:12",,"[16.650293350219727, 2.473184108734131, -0.7275811433792114, 1.1780509948730469, -0.45798224210739136, -1.9866193532943726, -2.601170301437378, -0.6646482348442078, -0.2004915475845337, -0.6526159048080444, -1.7004185914993286, 0.31923118233680725, -0.08617682754993439, -0.6175379753112793, -0.04044178128242493, 0.4330495595932007, 0.5191084146499634, -0.5214194059371948, 0.09849295020103455, 0.2343170940876007, 0.01624564826488495, -0.40154600143432617, 0.5146735906600952, -0.4748581349849701, -0.2969595193862915, 0.07046602666378021, -0.7245379686355591, -0.21176502108573914, -0.3000124990940094, 0.21058723330497742, -0.5218427777290344, 0.06897175312042236, -0.507051408290863, -0.12346391379833221, 0.24396337568759918, 0.30721011757850647, -0.04464709758758545, 0.19253377616405487, 0.06531485915184021, 0.6095848083496094, 0.03821882605552673, -0.1948431432247162, 0.2941265404224396, 0.012393176555633545, 0.4396659731864929, 0.2525727152824402, -0.29276004433631897, -0.11950653046369553, -0.07889802008867264, -0.036986276507377625, -0.13865885138511658, -0.25749245285987854, 0.5490588545799255, 0.347213476896286, 0.08028101921081543, -0.14747944474220276, 0.1874246597290039, -0.028505191206932068, 0.09087100625038147, -0.0031313300132751465, 0.36400049924850464, 0.09687050431966782, 0.18956683576107025, 0.1010315865278244]"
8209e477-b5fb-4760-857d-bae0af5130cf,Trans Mountain Expansion: A Game-Changer for Canadian Oil Prices,23,"캐나다 유가 생산자들에게 시장 접근 확대 및 유가 상승 기대, Trans Mountain Expansion Project 완공",0.7,https://oilprice.com/Energy/Crude-Oil/Trans-Mountain-Expansion-A-Game-Changer-for-Canadian-Oil-Prices.html,"May 09, 2024 at 08:27",,"[13.207544326782227, 2.631932020187378, 0.6574183702468872, -0.655797004699707, 4.252513885498047, -1.1362884044647217, -1.1298532485961914, 0.052163004875183105, 2.382908344268799, -0.23281073570251465, 1.5628371238708496, 0.7352595329284668, -1.1054662466049194, 0.57391357421875, -1.3414621353149414, 0.6405192017555237, 0.4037191569805145, -1.2084267139434814, 0.936433732509613, 2.4176182746887207, -0.5686826705932617, -1.0688180923461914, 0.18432128429412842, 0.319135844707489, -1.0773565769195557, -1.5599645376205444, -0.09761857986450195, -1.5978105068206787, 2.725433588027954, -1.585593819618225, -1.248589277267456, 1.1652090549468994, -1.8683478832244873, -0.5367240905761719, 0.7754303216934204, -0.5257290601730347, -0.2523890435695648, 0.4830106198787689, 0.4560602009296417, -0.7399635314941406, -0.5629558563232422, 0.6928352117538452, -0.22964319586753845, 1.0912752151489258, 0.7222767472267151, 0.012742556631565094, 1.2220168113708496, -0.3922361731529236, -0.04168103635311127, 0.47817400097846985, -0.08423160016536713, -0.3425349295139313, 0.1845836341381073, -1.6668593883514404, 0.1943812072277069, 0.08052483946084976, -1.0108782052993774, -0.7259560227394104, -0.8562133312225342, 0.3216788172721863, -0.6267663240432739, -1.3284220695495605, 0.16038182377815247, 0.3360937237739563]"
31356079-d0b6-4f91-8dec-93118ef87477,Goldman Sachs: Oil Markets To Face Supply Crisis In 2024,23,"골드만 삭스는 2024년에 유가 시장이 공급 위기에 직면할 것으로 예상하며, 현재 유가는 상승세를 보이고 있으며 에너지 및 광업 주식에 투자를 권고하고 있습니다.",0.7,https://oilprice.com/Energy/Crude-Oil/Goldman-Sachs-Oil-Markets-To-Face-Supply-Crisis-In-2024.html,"May 17, 2023 at 08:53",,"[17.185470581054688, 1.3820245265960693, -0.548410177230835, 2.1430671215057373, 0.4658639430999756, 0.6846367120742798, -0.4338991940021515, -0.8509923815727234, 0.622175931930542, -0.09645777940750122, -0.9277442097663879, -0.09151622653007507, 0.001036033034324646, 0.5765186548233032, -0.43651190400123596, -0.2404850423336029, -0.5089038014411926, 0.15735918283462524, -0.09578587859869003, -0.23587362468242645, 0.04549139738082886, 0.01616758108139038, -0.7040466666221619, -0.06351512670516968, -0.18535342812538147, 0.31158220767974854, 0.23221424221992493, 0.06460938602685928, -0.2524401843547821, -0.07146960496902466, 0.004954785108566284, 0.2106112837791443, 0.3463122546672821, 0.34617894887924194, -0.22818493843078613, 0.0049148499965667725, -0.08711741864681244, -0.09250575304031372, -0.08293630182743073, -0.17004671692848206, -0.5817998051643372, 0.028167724609375, -0.11284512281417847, 0.22708624601364136, 0.2650335133075714, 0.3809621036052704, -0.0035495683550834656, -0.1095217689871788, 0.012443624436855316, 0.13575251400470734, -0.12536798417568207, -0.016708731651306152, -0.2122848629951477, -0.12174087762832642, 0.0751500129699707, -0.17373377084732056, -0.1055823266506195, -0.030733048915863037, -0.034867942333221436, 0.02199544757604599, -0.30048564076423645, -0.19465038180351257, 0.10975541174411774, 0.16277027130126953]"
e936f9ad-33bb-406d-9ca3-b1e47386dce7,UAE Invests Billions in AI to Diversify Economy Beyond Oil,24,"UAE는 석유 의존도를 줄이기 위해 인공지능 기술에 수십억 달러를 투자하고 있으며, ADNOC는 Agentic AI를 도입하여 에너지 산업을 혁신하고 있습니다.",0.8,https://oilprice.com/Energy/Crude-Oil/UAE-Invests-Billions-in-AI-to-Diversify-Economy-Beyond-Oil.html,"Nov 08, 2024 at 08:11",,"[17.086292266845703, 1.1083208322525024, -0.6505914926528931, 0.8831665515899658, 1.0367697477340698, 1.5781192779541016, -0.7438318729400635, -0.626377522945404, -0.9378549456596375, 0.0011968761682510376, -0.4834803640842438, -0.9680488109588623, 0.41209399700164795, 0.40309083461761475, -0.7691980600357056, -0.19929984211921692, -0.3803679347038269, -0.05971779674291611, 0.10083675384521484, 0.28817951679229736, -0.2971171736717224, 0.09791001677513123, -0.5673643350601196, 0.13488760590553284, 0.22784721851348877, 0.3034062385559082, 0.19900286197662354, 0.25708550214767456, -0.19914409518241882, -0.04437088966369629, -0.5256450176239014, 0.12180620431900024, 0.5423295497894287, -0.14697624742984772, 0.013525024056434631, 0.06143009662628174, -0.44854769110679626, -0.13620887696743011, 0.09948252141475677, -0.22615671157836914, -0.3154653310775757, 0.42647093534469604, 0.5028728246688843, 0.22049480676651, -0.48102831840515137, 0.28583142161369324, 0.07290984690189362, 0.00964466854929924, -0.1520877182483673, -0.14032340049743652, -0.19525980949401855, -0.13650202751159668, -0.036105260252952576, -0.24462544918060303, -0.5246619582176208, 0.05389028042554855, 0.3519558310508728, 0.21534878015518188, -0.1061258316040039, -0.20112912356853485, -0.3299674987792969, 0.04710230231285095, -0.09799131751060486, -0.19334550201892853]"
21cd6f31-3276-48a4-a25d-2b6bd34e754e,Energy Fund Manager Predicts Major Upside For Oil Equities,24,"캐나다 최대 에너지 펀드 매니저인 에릭 너털은 석유 주식에 대한 주요 상승을 예측하며, 석유 재고의 전례없는 감소로 인해 투자 시기를 강조하고 있다.",0.8,https://oilprice.com/Energy/Crude-Oil/Energy-Fund-Manager-Predicts-Major-Upside-For-Oil-Equities.html,"Sep 25, 2023 at 10:54",,"[17.116867065429688, 2.015821695327759, -1.0531730651855469, 0.4337460696697235, 0.8588299751281738, 1.3792206048965454, -0.45538753271102905, -0.7042328119277954, -0.6601662635803223, 0.44381052255630493, -0.08559893071651459, -1.1326322555541992, -0.12346276640892029, 0.17831465601921082, -0.5164037942886353, -0.23797261714935303, 0.03702819347381592, 0.46009933948516846, -0.17108945548534393, 0.10780534148216248, -0.6412704586982727, -0.3899986445903778, -0.2926940619945526, -0.5849460363388062, 0.1603846549987793, -0.1874437928199768, 0.03030596673488617, 0.021359413862228394, -0.09927727282047272, 0.43614280223846436, -0.15614908933639526, 0.5362221002578735, 0.11118811368942261, -0.13925081491470337, -0.14331944286823273, -0.003909975290298462, 0.4764907956123352, -0.07394000887870789, -0.14698119461536407, -0.26847487688064575, -0.20554029941558838, -0.06916601955890656, -0.08777892589569092, 0.29370933771133423, -0.004162944853305817, 0.3794040083885193, 0.2298787236213684, 5.4446980357170105e-05, -0.09599959850311279, 0.03331537917256355, 0.18438774347305298, -0.2264879047870636, -0.49580031633377075, 0.1324957311153412, 0.19282561540603638, 0.0640254020690918, -0.12877002358436584, -0.13765931129455566, -0.03903317451477051, -0.0401061549782753, -0.12454134970903397, -0.20484596490859985, 0.27050286531448364, 0.2330041527748108]"
889e1440-9a93-43b9-b123-29e2c51710ca,"Earnings Season Is Here, And Energy Companies Are Booming",24,"에너지 기업들이 기록적인 이익을 올릴 것으로 예상되며, 유가 변동과 지정학적 리스크로 인해 2022년 상반기는 최고의 기록을 경신할 전망이다.",0.8,https://oilprice.com/Energy/Crude-Oil/Earnings-Season-Is-Here-And-Energy-Companies-Are-Booming.html,"Jul 28, 2022 at 09:54",,"[17.025047302246094, 1.6692225933074951, 0.04319864511489868, 1.8809478282928467, -1.6121913194656372, -1.6022337675094604, -0.2916385233402252, -0.7647038102149963, 0.9209611415863037, -0.4047800302505493, -0.09330656379461288, 0.5878381133079529, 0.4987732768058777, -0.2481834590435028, -0.9815448522567749, -0.5554797649383545, -0.810776948928833, -0.7332450747489929, -0.594555675983429, -0.73030686378479, 0.5675676465034485, -0.16037370264530182, -0.173482283949852, 0.2992229461669922, -0.18166443705558777, -0.22829028964042664, 0.3266218900680542, 0.35465872287750244, -0.31432390213012695, -0.4578430950641632, 0.5991554260253906, -0.07112690806388855, 0.33723169565200806, 0.3194552958011627, 0.3032134771347046, 0.5960671901702881, -0.23989608883857727, 0.03375280648469925, 0.2762316167354584, 0.08978718519210815, -0.37851738929748535, -0.25096815824508667, -0.04802674055099487, 0.21949130296707153, -0.003214903175830841, 0.1489388346672058, -0.6103782653808594, -0.02646554261445999, -0.17436514794826508, 0.1237737387418747, 0.061755500733852386, -0.3191814422607422, 0.11078433692455292, 0.3789612054824829, -0.2419508397579193, 0.06137967109680176, 0.04308006167411804, -0.14637300372123718, -0.15200963616371155, 0.028608642518520355, -0.2122218906879425, -0.0044915080070495605, -0.041711896657943726, -0.15223489701747894]"
34217837-9e5c-43c0-a19e-b2e7bd226c37,Alaska Is Reaping The Benefits Of High Oil Prices,24,"알래스카는 높은 유가로 인해 수십억 달러 이상의 예상 이익을 얻고 있으며, 주요 이익은 주민에게 배당금을 지급하는 것에 대한 논란을 불러일으키고 있다.",0.8,https://oilprice.com/Energy/Crude-Oil/Alaska-Is-Reaping-The-Benefits-Of-High-Oil-Prices.html,"Mar 28, 2022 at 12:30",,"[16.594539642333984, 1.5927910804748535, -3.1920502185821533, 2.024721145629883, -1.5744627714157104, 0.7745380401611328, -0.7285095453262329, -1.0319597721099854, -0.7432659864425659, -1.0716757774353027, 0.28467851877212524, -0.552489161491394, 0.29119977355003357, 0.9415138959884644, -0.5800197720527649, -0.05918815732002258, -0.10917562246322632, -0.06827440112829208, 0.4526823163032532, -0.1291145384311676, 0.16562163829803467, 0.4840605854988098, 0.23145754635334015, -0.7199133634567261, 0.35979434847831726, -0.3188258111476898, 0.6555085778236389, 0.26646649837493896, 0.2905128300189972, -0.26247674226760864, 0.362813800573349, 0.28011953830718994, 0.25187480449676514, -0.17574697732925415, -0.16970756649971008, -0.36315953731536865, -0.1636500507593155, -0.08755555748939514, 0.0018071681261062622, -0.10370592772960663, -0.711711049079895, -0.07617438584566116, 0.3971542716026306, 0.47914767265319824, -0.24040836095809937, 0.49372297525405884, -0.3527073860168457, -0.16600941121578217, 0.1871270090341568, 0.265260249376297, 0.20007988810539246, 0.00019653141498565674, -0.2593096196651459, -0.034155577421188354, 0.3431635797023773, -0.16750992834568024, 0.005545616149902344, 0.26897409558296204, -0.02984774112701416, -0.07239501178264618, 0.05613050237298012, -0.11798948049545288, 0.2708764970302582, 0.42786747217178345]"
d4cee4aa-cd28-4dac-8fe7-78ee3bc5d53c,Top Oil Traders See Oil Topping $200 By End-2022,24,"세계 최대 규모의 석유 거래자들이 연말까지 원유 가격이 200달러를 넘을 것으로 예상하고 있으며, 이는 러시아의 유럽 공급이 영원히 사라지는 것으로 예측되는 상황에서 나타난다.",0.8,https://oilprice.com/Energy/Crude-Oil/Top-Oil-Traders-See-Oil-Topping-200-By-End-2022.html,"Mar 24, 2022 at 08:59",,"[17.071765899658203, 1.8001753091812134, -0.12098807096481323, 2.834373712539673, 0.6278213262557983, -0.5724009275436401, 0.540268063545227, -1.0765061378479004, -0.1562817096710205, 0.1910349726676941, -0.19502219557762146, 0.24635723233222961, -0.0626438558101654, -0.18796128034591675, 0.0890837013721466, -0.7805420756340027, -0.4009621739387512, -1.1907823085784912, 0.6292544603347778, 0.017762959003448486, 0.7456207275390625, -0.3838775157928467, 0.04093990474939346, -0.18713247776031494, 0.3687547445297241, -0.13177895545959473, -0.41010501980781555, -0.0411732941865921, -0.12547725439071655, -0.12114286422729492, 0.09459562599658966, -0.050540775060653687, 0.28226956725120544, 0.2964893579483032, -0.47485464811325073, -0.05527925491333008, 0.06488703191280365, -0.19562149047851562, 0.09544497728347778, 0.20662151277065277, -0.07494845986366272, -0.02009769156575203, -0.2425360083580017, 0.09162735939025879, -0.253861665725708, 0.12303128093481064, -0.4556662440299988, 0.22348210215568542, -0.14112558960914612, 0.40849941968917847, -0.2540438771247864, 0.2315528690814972, 0.19372229278087616, -0.01769159734249115, -0.09812641143798828, -0.14188247919082642, -0.2172917127609253, 0.4164261221885681, -0.005108892917633057, -0.0663512572646141, -0.20128664374351501, -0.12362721562385559, 0.0064733028411865234, 0.11856640875339508]"
cbba651b-435a-48a4-a341-6d8fcab52034,Oil Stocks To Watch As Middle East Conflict Intensifies,25,미들 이스트 분쟁이 심화되면서 국제 브렌트유 재고와 생산량에 대한 우려가 커지고 있음,0.8,https://oilprice.com/Energy/Crude-Oil/Oil-Stocks-To-Watch-As-Middle-East-Conflict-Intensifies.html,"Oct 03, 2024 at 15:17",,"[16.379600524902344, 3.258854866027832, -2.4579410552978516, -2.02209210395813, -0.28214195370674133, -0.05801337957382202, 0.21633575856685638, 0.08712964504957199, -1.1610709428787231, -0.7761097550392151, -0.4941932260990143, -0.29096341133117676, -1.0653517246246338, 0.16604530811309814, -0.1139788031578064, -0.16684095561504364, 0.7215996980667114, 0.8978758454322815, 0.21370305120944977, 0.018201708793640137, -0.35334330797195435, 0.5833439826965332, -0.3143938183784485, -0.879549503326416, 0.5168198347091675, 0.2581770420074463, -0.6466933488845825, 0.14349254965782166, 0.2649093270301819, -0.10337048768997192, -0.23533280193805695, 0.35721254348754883, 0.06788250803947449, -0.15371814370155334, 0.0042718201875686646, -0.14907729625701904, -0.5298440456390381, -0.49930915236473083, -0.14927706122398376, -0.16090235114097595, -0.17846830189228058, 0.21724404394626617, -0.1542561948299408, -0.3362993597984314, -0.020856738090515137, -0.2125999480485916, 0.3354996144771576, 0.24805651605129242, -0.24211440980434418, 0.008937418460845947, 0.12989114224910736, 0.7319634556770325, -0.31286126375198364, -0.08201753348112106, -0.15514090657234192, 0.012181341648101807, -0.010446548461914062, -0.03420671820640564, -0.21715372800827026, 0.3279975652694702, 0.6027615070343018, -0.5446971654891968, -0.11465507745742798, 0.42098820209503174]"
84565f5f-e037-400f-8dbb-523997787571,Namibia Racks Up Another Major Offshore Oil Discovery,25,"나미비아 해역에서 대규모 석유 발견으로 Galp Energia 주가 급등, Mopane 필드에서 10B 배럴 이상의 석유 발견",0.8,https://oilprice.com/Energy/Crude-Oil/Namibia-Racks-Up-Another-Major-Offshore-Oil-Discovery.html,"Apr 22, 2024 at 18:04",,"[16.28653335571289, 3.049206495285034, -1.8654295206069946, 0.9814768433570862, 1.3095073699951172, -0.3170509338378906, -2.0757198333740234, 1.091726541519165, 0.12664517760276794, 0.2588983476161957, 0.7752941250801086, 0.007837310433387756, -0.33146581053733826, 0.18258891999721527, -0.18936732411384583, 0.16109603643417358, -0.7613850831985474, 0.20107930898666382, 0.8428931832313538, 1.2622342109680176, -0.627593994140625, -0.1481281816959381, -0.5271506309509277, 0.4218056797981262, -0.8326091766357422, -0.29514187574386597, 1.411074161529541, -0.6525124311447144, -0.5609924793243408, -0.6525754928588867, -0.5352489948272705, 0.3438405990600586, -0.1819506287574768, -0.6859616041183472, -0.5962512493133545, 0.4701659083366394, 0.1275331825017929, -0.12165622413158417, 0.11485882103443146, -0.31900954246520996, -0.4539128243923187, 0.04850303381681442, 0.46964865922927856, 0.636500358581543, 0.18748588860034943, 0.3600013852119446, 0.10805190354585648, 0.48855236172676086, -0.3067319691181183, 0.479129433631897, 0.3413484990596771, 0.03606685996055603, 0.5101937651634216, -0.5822715163230896, -0.06882494688034058, 0.21772071719169617, -0.18549808859825134, -0.3277648687362671, -0.14807945489883423, 0.5014596581459045, 0.11678504943847656, -0.7135695219039917, -1.0066672563552856, -0.033899933099746704]"
b63ba98d-3beb-4f0f-a821-5e8529148295,"AI Infiltrates Oil Industry To Speed Up Drilling, Cut Costs",25,석유 산업이 디지털 기술과 AI를 적극적으로 도입하여 드릴링 속도를 높이고 비용을 절감하고 있음,0.8,https://oilprice.com/Energy/Crude-Oil/AI-Infiltrates-Oil-Industry-To-Speed-Up-Drilling-Cut-Costs.html,"Mar 18, 2024 at 10:29",,"[16.555213928222656, 4.7132463455200195, -1.3072638511657715, -0.10435312986373901, -0.05222621560096741, -1.1186716556549072, -0.2209715098142624, -0.2190093994140625, -0.9890010356903076, -0.039980947971343994, 0.37065279483795166, 0.9665015935897827, -0.8456977009773254, 0.2867550849914551, -0.3769077658653259, 0.37385010719299316, -0.06061643362045288, -0.1400488018989563, 0.182513028383255, 0.07643657177686691, 0.348712295293808, 0.30900558829307556, -0.1544511616230011, 0.8132914304733276, -0.5548564195632935, 0.17616838216781616, -0.2083611786365509, -0.46622389554977417, -0.23509976267814636, 0.08470398187637329, 0.41325873136520386, 0.18594756722450256, 0.2491973489522934, 0.05449068546295166, -0.3064751923084259, 0.4496467411518097, -0.19739310443401337, 0.0632283166050911, 0.6011010408401489, 0.2012341171503067, -0.1554366946220398, -0.21944309771060944, 0.12055197358131409, 0.5364804863929749, -0.3584860861301422, 0.144873708486557, 0.08672058582305908, -0.460575133562088, 0.06182113662362099, -0.01272515207529068, 0.007595021277666092, 0.1377418041229248, -0.2895705997943878, -0.20012491941452026, -0.30862948298454285, -0.1770978569984436, -0.3190639317035675, -0.04396197199821472, -0.16457152366638184, -0.09360365569591522, -0.03370702639222145, -0.048383988440036774, -0.022076457738876343, -0.12985680997371674]"
003c32bc-6d62-4e39-8ccd-c4f66eccd6ae,Saudi Arabia Reaps The Benefits Of Steepening Backwardation,25,사우디 아라비아가 자발적인 생산 감축으로 역전고가 혜택을 누리며 중간 쓰러운 원유 공급 부족으로 가격 상승 및 석유 정제 마진 지원,0.8,https://oilprice.com/Energy/Crude-Oil/Saudi-Arabia-Reaps-The-Benefits-Of-Steepening-Backwardation.html,"Aug 31, 2023 at 08:56",,"[16.199527740478516, 5.672989368438721, 0.9318379163742065, 1.6731646060943604, -1.5365186929702759, -0.4473204016685486, -0.18514315783977509, 0.5873967409133911, 0.7705368399620056, 0.32517290115356445, -0.19452804327011108, -0.24209068715572357, 0.06613567471504211, -0.07963603734970093, 0.28562378883361816, 0.3587173819541931, -0.40752896666526794, -0.08275513350963593, -0.39959239959716797, 0.08534577488899231, -0.031206533312797546, -0.07564954459667206, 0.0882430374622345, -0.03225824236869812, 0.45174071192741394, 0.08968942612409592, -0.5942736268043518, 0.012099221348762512, -0.26310670375823975, -0.4354875087738037, -0.1433037668466568, -0.1972062885761261, -0.2375742793083191, -0.25479939579963684, -0.7271018028259277, -0.1998167335987091, -0.4135136604309082, 0.1140231117606163, 0.21310430765151978, 0.08591854572296143, 0.17714563012123108, -0.18051660060882568, -0.064920574426651, -0.05711644887924194, 0.03660863637924194, -0.01267724484205246, 0.6012824773788452, -0.28464004397392273, 0.41469109058380127, -0.27485883235931396, -0.07970099151134491, -0.34827083349227905, 0.23580552637577057, 0.06714645028114319, -0.007938802242279053, 0.07905777543783188, -0.2626127600669861, 0.1139393150806427, -0.08288544416427612, 0.2134464830160141, -0.09364157915115356, 0.4900608956813812, 0.27611106634140015, -0.4598228931427002]"
76b20d1a-56de-4866-9de6-4ce965790fd7,Hedge Funds Boost Bullish Bets On Oil,25,유가 상승에 대한 낙관적 전망과 수요 증가로 인한 헤지 펀드의 매수 강화,0.8,https://oilprice.com/Energy/Crude-Oil/Hedge-Funds-Boost-Bullish-Bets-On-Oil.html,"Aug 03, 2023 at 08:36",,"[15.771862030029297, 6.2691802978515625, 0.6653284430503845, -0.7594583034515381, -0.2387838363647461, -0.1295384168624878, 0.4437810778617859, 1.8679273128509521, 2.1541495323181152, 0.7729200720787048, 0.8210759162902832, 0.262847900390625, 0.901056170463562, 0.49455907940864563, -0.37079083919525146, 1.1144551038742065, 0.4936448633670807, -0.4267660677433014, 0.1063065230846405, 0.5846861004829407, -0.19444870948791504, -0.48127251863479614, 0.014585818164050579, -0.5912119150161743, 0.32188040018081665, -1.1668224334716797, 0.3365473449230194, -0.03954213857650757, -0.20615415275096893, -0.07819090038537979, -0.7648636102676392, 1.0483818054199219, -0.13236784934997559, 0.1571340560913086, -0.0349506139755249, 0.6933181285858154, 0.14377406239509583, -0.03752034902572632, -0.45230770111083984, 0.2943495810031891, 0.19666992127895355, -0.2522295415401459, -0.29296863079071045, -0.19855469465255737, -0.2730821371078491, -0.07106807082891464, 0.11766386032104492, 0.013648971915245056, 0.3016652762889862, 0.04011552780866623, 0.22874242067337036, -0.05633121728897095, -0.07443532347679138, -0.4449726343154907, -0.14802801609039307, 0.0568167120218277, -0.08290266990661621, -0.13789290189743042, -0.12367624044418335, -0.010602742433547974, 0.4478629529476166, 0.2733091711997986, 0.2311045527458191, 0.041960813105106354]"
8eb195a2-aa79-482b-88dc-24ef89269932,Russian Oil Supply To Czech Republic Cut Amid U.S. Sanctions,26,"체코 공급 중단으로 러시아 유가 공급에 영향, 미국 제재로 인한 러시아 유가 수요 감소 예상",-0.7,https://oilprice.com/Energy/Crude-Oil/Russian-Oil-Supply-To-Czech-Republic-Cut-Amid-US-Sanctions.html,"Mar 05, 2025 at 10:58",,"[16.505714416503906, 2.904684543609619, -2.959033966064453, 1.5607247352600098, 0.3141511082649231, 1.4889442920684814, -0.64053875207901, -0.2842022776603699, 0.9366556406021118, 0.11775002628564835, -0.40324902534484863, -0.4907461702823639, -0.47899171710014343, -0.05265459418296814, 0.5651337504386902, 1.006204605102539, -0.8641172051429749, 0.01130165159702301, 0.10659390687942505, 0.8945977091789246, 0.2342032790184021, 0.3258103132247925, -0.6042513251304626, 0.07406949996948242, 0.3606542944908142, -0.3201092481613159, -0.17139175534248352, -0.13922357559204102, -0.039230525493621826, 0.5866310596466064, 0.6548111438751221, -0.7191410064697266, -0.3617689311504364, 0.22845324873924255, -0.5866978168487549, -0.36430203914642334, 0.6484060287475586, 0.2387414574623108, -0.15328824520111084, -0.00411592423915863, 0.3225116729736328, -0.21003416180610657, -0.1830623745918274, -0.5320391058921814, 0.11547330021858215, 0.2922169268131256, -0.1938655972480774, 0.21962085366249084, -0.1715274602174759, 0.02004503458738327, -0.0945115014910698, -0.2866584062576294, -0.4673282206058502, -0.21099907159805298, 0.03723454475402832, -0.31770724058151245, -0.2297978401184082, 0.16551601886749268, -0.060862958431243896, -0.3294951319694519, -0.09125588834285736, 0.1765519380569458, -0.25493019819259644, 0.09053418040275574]"
ef4c0ae6-6e6f-4229-93a7-09f5a8bafe51,Sanctioned Russian LNG Cargo Stranded at Sea,26,"러시아의 제재를 받은 LNG 화물이 해상에 갇혀 판매자를 찾지 못하고 세계 일주를 하고 있으며, 러시아의 에너지 공급에 대한 서방의 제재가 LNG 운송선에 영향을 미치고 있다.",-0.7,https://oilprice.com/Energy/Crude-Oil/Sanctioned-Russian-LNG-Cargo-Stranded-at-Sea.html,"Dec 27, 2024 at 06:59",,"[17.11004638671875, 1.8197869062423706, -1.0873993635177612, 1.7759816646575928, 0.5159962177276611, 0.5996463298797607, -0.7975992560386658, -1.2413935661315918, -0.8881134986877441, 0.655854344367981, -0.13853217661380768, -0.5802567005157471, -0.701745331287384, -0.04552346467971802, -0.29431748390197754, -0.1550057828426361, -0.18501248955726624, -0.15168967843055725, 0.656278133392334, -0.3852660357952118, -0.7973862290382385, -0.47900912165641785, 0.25353002548217773, -0.29638034105300903, 0.6178596019744873, 0.08888939023017883, 0.379830926656723, -0.25877612829208374, 0.3384106755256653, -0.39990758895874023, 0.19085907936096191, 0.2738419771194458, -0.20978045463562012, 0.09777364134788513, 0.3293647766113281, -0.37176597118377686, 0.4507744312286377, -0.02858322486281395, -0.06654469668865204, -0.4671308696269989, 0.18398946523666382, 0.37830251455307007, -0.44588249921798706, -0.3050159811973572, -0.10156139731407166, 0.1726115345954895, 0.16072483360767365, -0.010371759533882141, 0.15318210422992706, -0.24512086808681488, -0.0072056204080581665, -0.17108896374702454, -0.12870709598064423, 0.3586997985839844, -0.17432045936584473, -0.5798462629318237, 0.33151793479919434, 0.3022220730781555, 0.4260525405406952, 0.024624645709991455, -0.20755630731582642, -0.09826619923114777, 0.5067930221557617, 0.22581157088279724]"
02cd3191-24fe-44e5-9ab8-107d7e6d72fa,Red Sea Turmoil Tightens Oil Markets As Delays Continue,26,예멘의 후디군이 선박을 공격하면서 붉은 해의 유류 운송이 지연되고 유량이 감소하며 유럽은 유가 공급에 어려움을 겪고 있음,-0.7,https://oilprice.com/Energy/Crude-Oil/Red-Sea-Turmoil-Tightens-Oil-Markets-As-Delays-Continue.html,"Jan 31, 2024 at 13:32",,"[16.384727478027344, 4.11992073059082, -2.089219331741333, 1.743881344795227, -1.6289633512496948, -1.3151428699493408, 1.1364688873291016, -0.30479735136032104, -0.9451404213905334, 0.5245572924613953, 0.9681129455566406, 0.36527201533317566, -0.8899856805801392, 0.15646499395370483, 0.21934685111045837, 0.3183971047401428, 0.13674789667129517, -1.046178936958313, 0.10409879684448242, -0.31961923837661743, -0.4031846821308136, 0.20699302852153778, 0.24404415488243103, -0.3100436329841614, 0.814591646194458, 0.5846412181854248, 0.19308708608150482, -0.4155319035053253, 0.42778480052948, 0.2822427749633789, 0.5180507898330688, 0.14744317531585693, 0.44144555926322937, -0.506593644618988, 0.16241562366485596, -0.1448855996131897, -0.3406940698623657, -0.3061463236808777, 0.4752799868583679, -0.5011494159698486, 0.49980124831199646, 0.6972948312759399, -0.12011712789535522, -0.560961127281189, 0.4820960760116577, 0.034781694412231445, -0.1901487112045288, 0.0009216666221618652, -0.2549704611301422, 0.10896462947130203, 0.06962484121322632, 0.35475221276283264, 0.17706561088562012, 0.2133331447839737, -0.14841517806053162, -0.240759938955307, 0.21539723873138428, 0.22454562783241272, -0.06525683403015137, 0.06967595964670181, -0.41981208324432373, -0.03897833824157715, 0.11562613397836685, 0.1112605407834053]"
6eaed528-7f4a-4b87-93ff-71d76a168e5d,Iran’s Oil Revenue Woes Deepen Amid Export Discrepancies,26,이란의 석유 수출 불일치로 인한 수익 부족으로 정부 예산 적자 심화,-0.7,https://oilprice.com/Energy/Crude-Oil/Irans-Oil-Revenue-Woes-Deepen-Amid-Export-Discrepancies.html,"Oct 25, 2023 at 10:57",,"[16.408885955810547, 4.924671649932861, -0.4215744435787201, -0.6034911870956421, -0.48240238428115845, -0.3095685839653015, 1.4353611469268799, 0.8643340468406677, 0.08593285083770752, -0.11481627821922302, 1.3680787086486816, -0.3481350243091583, 0.8581583499908447, 1.1657124757766724, -0.9504566192626953, 0.5675060749053955, 0.6242964863777161, 0.4576072096824646, -0.06125551462173462, 0.5381501317024231, -0.19272205233573914, -0.5328086018562317, 0.5522652268409729, 0.5396267175674438, -0.5042251348495483, -0.3659588694572449, -0.009458616375923157, -0.56609046459198, 0.2236628383398056, -0.07544773817062378, -0.44693925976753235, 0.21008741855621338, -0.05232721194624901, -0.10364426672458649, -0.21770203113555908, 0.6641153693199158, 0.40252920985221863, -0.1747734248638153, -0.23320791125297546, 0.6194047927856445, -0.4897973835468292, -0.5504904389381409, 0.21526041626930237, 0.1407029628753662, -0.12854468822479248, -0.40053707361221313, 0.23375609517097473, 0.1569422036409378, 0.39250823855400085, -0.5400541424751282, -0.019402839243412018, -0.09959092736244202, 0.09332254528999329, -0.17371344566345215, -0.05566984415054321, 0.24275065958499908, -0.16903060674667358, 0.21815139055252075, -0.2055649757385254, 0.19829626381397247, 0.4775809347629547, 0.1638454794883728, -0.04788786172866821, 0.13252510130405426]"
9d3fc5ba-d005-4ddd-85a1-539170c1b1ef,The Fall Of Ecuador's Oil Empire,26,"에콰도르의 석유 부흥과 함께 경제적 위기를 벗어나지만, 석유 가격 하락과 정치적 문제로 석유 생산과 수출이 감소하고 있음",-0.7,https://oilprice.com/Energy/Crude-Oil/The-Fall-Of-Ecuadors-Oil-Empire.html,"Aug 04, 2023 at 07:58",,"[16.252260208129883, 4.119800090789795, 0.6264592409133911, 3.343334197998047, 0.53313809633255, -0.5062656402587891, 1.1407452821731567, 1.1596338748931885, 1.0516002178192139, 1.7346782684326172, 0.7195570468902588, 0.006886795163154602, -0.3094033896923065, -0.41111359000205994, 0.6245677471160889, 1.5850536823272705, -0.10282385349273682, -0.7489753365516663, -0.4867481589317322, -0.1810508370399475, 0.009010210633277893, 0.7983298301696777, 0.06130582094192505, -0.11585232615470886, 0.03202874958515167, -0.645706057548523, 0.3183995485305786, 0.08899873495101929, 0.20124466717243195, -0.10393807291984558, 0.04155522584915161, 0.40308070182800293, 0.23958024382591248, 0.32949015498161316, -0.04205385223031044, 0.6995970010757446, 0.4161953628063202, -0.12279529869556427, -0.31227219104766846, -0.21740321815013885, 0.09913431853055954, -0.09116948395967484, -0.4075068533420563, -0.3454124927520752, -0.3911631107330322, -0.1286609172821045, -0.15826743841171265, -0.045337989926338196, 0.07929499447345734, 0.026143020018935204, -0.315246045589447, 0.2288680374622345, -0.28603559732437134, 0.3880973756313324, -0.004926919937133789, -0.005082033574581146, -0.5112317204475403, -0.032230883836746216, 0.16909444332122803, -0.0878029614686966, 0.06401851773262024, -0.2139982432126999, -0.192291259765625, -0.09220422804355621]"
eb354fcf-a5ba-408b-83a1-b12f1466b7a4,Saudi Arabia’s Oil Gamble Pays Off With $95 Brent,27,"사우디 아라비아의 석유 감산 조치가 성과를 거두어 브렌트유는 95달러에 도달하였으며, 이로 인해 사우디와 러시아의 석유 수익이 상당히 증가하였다.",0.8,https://oilprice.com/Energy/Crude-Oil/Saud-Arabias-Oil-Gamble-Pays-Off-With-95-Brent.html,"Sep 29, 2023 at 08:36",,"[17.000503540039062, 0.3700543940067291, -1.9329676628112793, 0.8622519373893738, 0.8888410329818726, 2.001310110092163, -0.8683080673217773, -0.7544751763343811, -0.4540534019470215, 0.01943705417215824, -0.14814633131027222, -1.0507923364639282, 0.13589896261692047, -0.6842444539070129, -0.24334195256233215, 0.13880246877670288, 0.02627810835838318, 0.325876921415329, 0.8994637727737427, -0.16439029574394226, -0.03719739615917206, -0.5697413086891174, -0.2743690311908722, -0.2523001730442047, 0.006126493215560913, -0.16316291689872742, -0.6018257737159729, -0.07943608611822128, -0.19168110191822052, 0.20980817079544067, -0.4833328127861023, 0.24152794480323792, 0.21315252780914307, 0.11158992350101471, -0.19407281279563904, 0.09753724932670593, 0.02558484673500061, -0.15106940269470215, 0.014052584767341614, 0.11340709030628204, -0.22113583981990814, 0.3237587809562683, -0.237644225358963, 0.1481298804283142, -0.04953382909297943, 0.44804805517196655, 0.22976931929588318, 0.07394786924123764, -0.06032739579677582, 0.21247053146362305, -0.49124982953071594, 0.17362360656261444, -0.28308039903640747, -0.3533729314804077, -0.15159553289413452, 0.06706665456295013, 0.19982904195785522, 0.16265946626663208, -0.12334465980529785, -0.24014657735824585, -0.1662391871213913, 0.06295089423656464, 0.18382856249809265, 0.017068594694137573]"
21997a89-9c37-41ee-a775-c1b97c472f9b,BP’s US$25bn Five-Field Megadeal In Iraq Is Finally Activated,27,"BP가 이라크의 5개 대규모 유전 거래를 활성화했으며, 이는 이라크 에너지 부문에서 40년 만에 외국 탐사로 더욱 역사적일 수 있다.",0.7,https://oilprice.com/Energy/Crude-Oil/BPs-US25bn-Five-Field-Megadeal-In-Iraq-Is-Finally-Activated.html,"Oct 28, 2025 at 13:17",,"[17.18378448486328, -1.0645816326141357, -2.043351173400879, -0.4011729657649994, -0.10382986068725586, 0.5444927215576172, -0.37978971004486084, -0.22894470393657684, -0.04828116297721863, -0.7233967185020447, -0.21469168365001678, -0.8557083010673523, -0.15949739515781403, -0.7822131514549255, -0.2509140968322754, -0.2818371653556824, -0.8841380476951599, -0.07092311978340149, 0.14278551936149597, 0.07541321218013763, 0.5893275737762451, -0.035972028970718384, -0.1552983522415161, -0.30152228474617004, 0.2732728123664856, -1.1118563413619995, 0.2788638174533844, 0.13447411358356476, -0.24937427043914795, 0.31048744916915894, 0.01928405463695526, -0.3862849473953247, 0.1487647444009781, 0.03912194073200226, 0.266578733921051, -0.1560838222503662, -0.016058921813964844, -0.2908713221549988, 0.17043188214302063, -0.0670778900384903, -0.2589719295501709, -0.23616966605186462, 0.44923630356788635, -0.2663896679878235, 0.14647451043128967, 0.35130003094673157, -0.007761359214782715, -0.03634537756443024, 0.26497358083724976, 0.26771122217178345, 0.062085822224617004, -0.17488634586334229, 0.17785590887069702, -0.08223673701286316, 0.052258461713790894, -0.30299699306488037, 0.4948589503765106, -0.1738375723361969, 0.22927498817443848, 0.10215830057859421, 0.21564939618110657, 0.26884883642196655, -0.1541856825351715, -0.044776320457458496]"
d6c7fa70-3c70-4bb8-a46e-ca16753e6802,U.S. Oil Growth Shifts from Shale to Gulf,27,"미국의 석유 생산 패턴이 오프쇼어 오일로 전환되고 있으며, 기술 발전과 성숙한 셰일 비저장지로 인해 성장 중이다.",0.7,https://oilprice.com/Energy/Crude-Oil/US-Oil-Growth-Shifts-from-Shale-to-Gulf.html,"Oct 18, 2025 at 10:34",,"[17.375598907470703, -0.9626656174659729, -1.4130969047546387, -0.7162222862243652, 0.05745837092399597, 0.7633867263793945, 0.4341457486152649, -0.5646759867668152, 0.34405359625816345, 0.9091147780418396, -0.15425164997577667, -0.15826663374900818, 0.11273333430290222, -0.7207021713256836, 0.21314388513565063, -0.305245578289032, -0.46031108498573303, 0.14970774948596954, -0.5584167838096619, -0.11813422292470932, 0.2018359899520874, 0.08527523279190063, 0.4430270195007324, 0.1253960132598877, -0.26279217004776, -0.27525967359542847, -0.24353623390197754, 0.015068527311086655, 0.41010671854019165, -0.25011008977890015, -0.00112953782081604, 0.30002498626708984, -0.4244382977485657, 0.364749014377594, -0.1594906449317932, 0.6806950569152832, 0.06160402297973633, -0.06393188238143921, 0.2939300537109375, -0.28358781337738037, -0.004085853695869446, -0.04682967811822891, 0.14122575521469116, -0.10168284177780151, -0.13817080855369568, -0.19338355958461761, 0.03550846874713898, -0.24688415229320526, -0.13402077555656433, -0.10630530118942261, 0.13757723569869995, -0.043289393186569214, -0.10123655200004578, 0.42257896065711975, -0.3466864824295044, -0.053922154009342194, 0.2120799422264099, -0.21087032556533813, -0.09608852863311768, 0.05611902475357056, -0.03424017131328583, -0.27106189727783203, 0.0005835294723510742, 0.21330000460147858]"
94536e39-ec32-4823-9e41-5548658287dd,Oil Prices Rebound After Early Morning Selloff,27,"오늘 아침 초기 매도 후 유가가 반등했다. 러시아의 출현으로 브렌트유는 2.40% 상승했으며, 공급 안정성에 대한 우려가 가중되었다.",0.7,https://oilprice.com/Energy/Crude-Oil/Oil-Prices-Rebound-After-Early-Morning-Selloff.html,"Sep 12, 2025 at 08:14",,"[17.08355712890625, -1.955005407333374, -0.29948195815086365, -0.4169872999191284, 0.4148276150226593, 0.4681704640388489, 0.08132877945899963, 1.7512423992156982, -1.3786799907684326, 0.1558755338191986, -0.4874148666858673, -0.521995484828949, -0.5057677030563354, -0.3096872866153717, -0.29589763283729553, 0.07339313626289368, -0.9531749486923218, -0.5606623888015747, 0.15804651379585266, 0.28892749547958374, -0.26922374963760376, 0.05665358901023865, -0.2070811539888382, 0.37583231925964355, 0.033860668540000916, -0.8323121070861816, -0.25235265493392944, -0.3047417402267456, 0.22649042308330536, -0.11601406335830688, -0.4473109543323517, 0.01867133378982544, -0.4246952533721924, 0.12220504879951477, 0.04062563180923462, 0.24495097994804382, -0.6708176732063293, 0.16789010167121887, 0.05828075110912323, 0.24711045622825623, 0.5829846262931824, -0.31165391206741333, 0.09457415342330933, -0.6901520490646362, 0.38546639680862427, 0.13161219656467438, -0.29686734080314636, 0.9319312572479248, 0.11024722456932068, -0.25934648513793945, 0.1629798859357834, 0.22867073118686676, 0.08369989693164825, -0.16271217167377472, -0.4503375291824341, -0.4602692723274231, 0.1547824591398239, 0.8264466524124146, -0.008717000484466553, -0.013219982385635376, -0.5074137449264526, 0.1558499038219452, 0.21806584298610687, 0.1739625334739685]"
e4ce7f0c-43ff-4e9f-a50a-89eb0aa26ea0,Asia Oil Imports Set for Rebound,27,"아시아 유가 수입이 회복세를 보이고 있으며, 러시아와 사우디아라비아가 아시아 공급국으로 주목받고 있다.",0.7,https://oilprice.com/Energy/Crude-Oil/Asia-Oil-Imports-Set-for-Rebound.html,"Mar 12, 2025 at 12:48",,"[16.761260986328125, -2.0144691467285156, -3.051887035369873, 0.7042679190635681, 0.1749064028263092, 0.9984477758407593, 0.25423985719680786, -0.44603097438812256, 0.16503295302391052, -0.7826098799705505, -0.773807168006897, -1.4635672569274902, -0.15840613842010498, -0.4188087582588196, 0.6353459358215332, 0.9506173133850098, 0.4995637536048889, -0.33684292435646057, 1.3358182907104492, 0.07582373917102814, -0.6698135137557983, 0.3495261073112488, 0.5616189241409302, 0.3058764636516571, -0.0036603137850761414, -0.3819126784801483, -0.3195979595184326, 0.06758096814155579, -0.06012639403343201, 0.4265173077583313, -0.36040109395980835, 0.12179607152938843, 0.3482212424278259, 0.03631433844566345, -0.1380656510591507, 0.18193018436431885, -0.7857878804206848, 0.09877518564462662, 0.25410592555999756, 0.017910271883010864, 0.027843423187732697, -0.48869767785072327, 0.539565920829773, 0.15658533573150635, 0.24675273895263672, 0.06201060116291046, 0.12476366758346558, 0.25405171513557434, -0.1443210244178772, 0.06090342998504639, 0.14245456457138062, -0.12701557576656342, 0.24748669564723969, 0.1343919038772583, 0.1332668662071228, -0.20131295919418335, 0.002425551414489746, 0.292724072933197, 0.2799510657787323, 0.1757509857416153, 0.21732011437416077, 0.5807200074195862, -0.4940217435359955, -0.10545898973941803]"
73815b91-0689-4e01-9d83-dd76d8d1e6bf,EIA Confirms US Crude Oil Inventories Are Rising,28,미국의 원유 재고가 증가하며 국제 브렌트유는 하락세를 보이고 있습니다.,-0.6,https://oilprice.com/Energy/Crude-Oil/EIA-Confirms-US-Crude-Oil-Inventories-Are-Rising.html,"Oct 16, 2025 at 11:12",,"[16.54554557800293, 0.06664425879716873, -2.9485654830932617, -0.16114935278892517, -3.0323784351348877, -1.0531237125396729, -0.2008921504020691, 0.1168738305568695, 0.7429580092430115, -1.4112526178359985, -0.9520971179008484, -0.31999295949935913, 0.22441712021827698, 0.47469472885131836, -0.8530367612838745, -0.8181991577148438, -0.18444141745567322, 0.16763727366924286, -0.050824448466300964, -0.5402892231941223, -0.2777577340602875, 0.18929751217365265, -0.6489111185073853, -0.3062058985233307, 0.7145476341247559, 0.06360936164855957, -0.788995087146759, -0.4453534781932831, -0.4593465328216553, -0.6718329787254333, -0.8117420673370361, -0.25077980756759644, 0.3896123468875885, 0.35858529806137085, -0.2138834297657013, -0.04207316040992737, 0.030303314328193665, -0.13539758324623108, -0.49005430936813354, 0.38255774974823, -0.29075562953948975, -0.15004397928714752, -0.40896254777908325, 0.15064698457717896, 0.4312106668949127, -0.15110966563224792, 0.2680736780166626, 0.20586924254894257, -0.05521281063556671, -0.10118483006954193, -0.18944698572158813, 0.38729700446128845, -0.13228556513786316, 0.22572478652000427, 0.15912684798240662, -0.47881993651390076, -0.49768269062042236, 0.028850436210632324, -0.014760136604309082, 0.15297625958919525, 0.3521645963191986, -0.30645355582237244, -0.17067822813987732, 0.12422138452529907]"
84d0cab3-c880-440a-8a81-09c01f14fc38,"WTI Stuck Below $60 as EIA Confirms Crude, Gasoline Draws",28,미국의 EIA 보고서에 따르면 4월 25일 주간 원유 재고가 2.7백만 배럴 감소하며 WTI는 60달러 아래로 머물렀다.,-0.6,https://oilprice.com/Energy/Crude-Oil/WTI-Stuck-Below-60-as-EIA-Confirms-Crude-Gasoline-Draws.html,"Apr 30, 2025 at 09:38",,"[17.117069244384766, -1.734191656112671, 0.450534462928772, -1.566793441772461, -0.21321368217468262, -1.332473635673523, 0.5556806921958923, 1.0200376510620117, -0.49554795026779175, -0.8442605137825012, -0.7126060724258423, -0.20962125062942505, 0.4918815493583679, -0.6385993957519531, -0.3634548783302307, 0.08939413726329803, -1.0200788974761963, 0.38973870873451233, 0.2778681516647339, 0.06646694988012314, 0.1292835772037506, -0.0261111781001091, -0.4110640287399292, 0.8824827671051025, 0.3625302016735077, -0.317330002784729, 0.14073514938354492, -1.076882243156433, -0.04429633915424347, -0.7666551470756531, -0.3389298915863037, 0.022707879543304443, 0.4009443521499634, -0.6218159794807434, -0.3611774742603302, -0.3092191815376282, 0.18715107440948486, -0.3954343795776367, -0.48428913950920105, -0.05514241382479668, 0.4397205114364624, -0.011502493172883987, 0.21838676929473877, -0.2726532220840454, -0.27738961577415466, 0.11085300147533417, 0.175724059343338, 0.8384026885032654, 0.28188544511795044, -0.3363649249076843, -0.0018944889307022095, -0.09831061959266663, 0.4123364984989166, 0.16319473087787628, -0.04269707202911377, -0.3982321321964264, -0.2048090249300003, 0.41485491394996643, 0.0005370378494262695, 0.24192529916763306, -0.09867493808269501, -0.1349199116230011, 0.24696701765060425, 0.3711497187614441]"
41dfe7ac-5bef-44e8-8662-afd84bc54003,"US Gasoline, Distillate Inventories Fall As Oil Prices Sink",28,미국의 원유 재고가 증가하고 유가는 하락세를 보이며 국제 Brent 유가는 연간 최저치를 기록했다.,-0.6,https://oilprice.com/Energy/Crude-Oil/US-Gasoline-Distillate-Inventories-Fall-As-Oil-Prices-Sink.html,"Apr 09, 2025 at 09:39",,"[16.788911819458008, -2.0435585975646973, -1.3220045566558838, 0.06302312016487122, -3.040060043334961, -2.114940881729126, 0.9050154089927673, 0.30819058418273926, 1.838834285736084, -0.17802098393440247, -0.4421544671058655, 0.6587014198303223, 0.6195321679115295, 0.3805636763572693, -0.3368808627128601, 0.1766013205051422, -0.6977552175521851, 0.3045249879360199, -0.12427446246147156, -0.05273118615150452, -0.11125209927558899, 0.4611934721469879, -0.6349411010742188, -0.4457387924194336, 0.2869913876056671, 0.5672203302383423, -0.8341051340103149, -0.043193235993385315, -0.19690923392772675, -0.08253070712089539, -0.129470556974411, -0.12901008129119873, 0.27592790126800537, 0.22854632139205933, 0.22651579976081848, -0.4717521369457245, -0.01748281717300415, 0.16272282600402832, -0.2869792580604553, -0.05124880373477936, -0.06300005316734314, 0.07498005777597427, -0.17184153199195862, -0.06111341714859009, -0.12412352859973907, -0.05212579667568207, -0.05640643835067749, 0.06597264111042023, 0.03866724669933319, -0.11878015100955963, -0.29893678426742554, 0.14482343196868896, -0.35572758316993713, -0.13772213459014893, -0.23143431544303894, -0.1655290573835373, 0.030625641345977783, 0.09826374053955078, 0.1364036202430725, 0.06383829563856125, -0.2914584279060364, 0.0026165321469306946, -0.023392170667648315, 0.2881630063056946]"
76d52d33-1e77-4915-bd47-19e0db0b15d1,Oil Prices Drop As EIA Shows Crude Inventories Continue to Climb,28,"미국의 EIA 보고서에 따르면 원유 재고가 계속 증가하며, 이에 따라 국제 Brent Oil 가격이 하락했다.",-0.6,https://oilprice.com/Energy/Crude-Oil/Oil-Prices-Drop-As-EIA-Shows-Crude-Inventories-Continue-to-Climb.html,"Feb 12, 2025 at 09:39",,"[17.011507034301758, -1.6360936164855957, -0.6725685596466064, -0.6636872291564941, -0.2939501702785492, -2.097898483276367, 1.643163800239563, -0.21154066920280457, 0.5371899008750916, 0.3067806363105774, -1.2219622135162354, -1.359963059425354, -0.4270932376384735, 0.18765994906425476, 0.5938648581504822, -0.5629236102104187, 0.24501146376132965, -0.18277963995933533, 0.2446717917919159, -0.7862107753753662, 0.07561931014060974, 0.329490602016449, -0.17490127682685852, 0.14562883973121643, 0.3493228554725647, 0.20731112360954285, -0.04879339411854744, -0.27648207545280457, -0.5114073157310486, -1.327258825302124, 0.5677522420883179, -0.02729099988937378, 0.3604125380516052, -0.26921141147613525, 0.2574732005596161, -0.33280009031295776, -0.2618097960948944, -0.12039856612682343, -0.23453842103481293, -0.004327453672885895, -0.031225726008415222, 0.26607683300971985, -0.42771315574645996, 0.19696426391601562, 0.04002993926405907, -0.06783252954483032, 0.48856109380722046, 0.24466079473495483, 0.0981854498386383, 0.04094633460044861, -0.04058931767940521, 0.41864514350891113, 0.3784456253051758, 0.16758106648921967, 0.07691052556037903, -0.4238167107105255, -0.15994355082511902, -0.0997273325920105, 0.478096067905426, -0.1946297585964203, 0.43907418847084045, -0.14436103403568268, -0.2497727870941162, -0.043909117579460144]"
4d8941a1-694d-4f8e-bafd-e12696dad5a4,EIA: Permian Crude Output Set for Slower Growth in 2025,28,"미국 퍼미안 지역의 원유 생산이 2025년에 둔화될 전망이며, 미국 에너지 정보국(EIA)은 퍼미안 지역에서 원유와 천연가스 생산이 증가할 것으로 예상하고 있다.",-0.6,https://oilprice.com/Energy/Crude-Oil/EIA-Permian-Crude-Output-Set-for-Slower-Growth-in-2025.html,"Oct 14, 2024 at 13:15",,"[17.028491973876953, -1.884045124053955, -0.38549914956092834, 0.5262619256973267, -1.0714330673217773, -2.4743990898132324, 0.228729248046875, 0.22854499518871307, -0.06897249817848206, 0.889540433883667, 0.549675703048706, 0.1682755947113037, 0.9973557591438293, -0.04982352256774902, 0.031685300171375275, 0.7148618698120117, -0.5326899290084839, 1.0075565576553345, 0.6867802143096924, 0.102640800178051, 1.107300043106079, -0.6126524209976196, -0.9561662673950195, -0.5590987205505371, 0.34632378816604614, 0.29394835233688354, 0.447984516620636, 0.6587703227996826, 0.036182209849357605, -0.3199632167816162, -0.09079119563102722, -0.6306429505348206, -0.5303683280944824, 0.12248421460390091, 0.2236546277999878, 0.2442084401845932, -0.0009476691484451294, 0.13250869512557983, 0.7589141130447388, 0.03177080303430557, 0.13555337488651276, -0.3255649507045746, 0.41989490389823914, -0.02745157480239868, -0.4418993592262268, -0.044947266578674316, -0.04883429408073425, 0.18735414743423462, 0.18445530533790588, -0.05289996415376663, -0.0988854318857193, 0.006193310022354126, 0.4175065755844116, 0.09181638062000275, 0.1345115602016449, -0.01978582888841629, -0.12737706303596497, -0.7648061513900757, 0.061627984046936035, 0.03223623335361481, 0.22810837626457214, 0.2275923192501068, 0.18314781785011292, 0.11880853772163391]"
dab0d131-619c-4f24-9802-ae85e6398c58,High Oil Prices Spark A New Wave Of Exploration,29,"미국의 유가 기업 Schlumberger Ltd가 강한 실적을 발표하며 매출 전망을 상향 조정했고, 주가는 8% 상승하여 올해 수익률이 11.3%로 증가했다.",0.8,https://oilprice.com/Energy/Crude-Oil/High-Oil-Prices-Spark-A-New-Wave-Of-Exploration.html,"Jul 26, 2022 at 10:37",,"[16.949474334716797, 0.23856523633003235, 0.13890013098716736, 0.7291198968887329, 1.7065966129302979, 0.20724427700042725, 0.301258385181427, 0.9109657406806946, -1.2293422222137451, -0.8400319218635559, -0.542567253112793, -0.4640064835548401, 0.6724021434783936, -0.876749575138092, -1.414119005203247, 0.6306381225585938, 0.14396068453788757, 0.07813327014446259, -0.2826903760433197, -0.04208377003669739, -0.510430097579956, -0.22020311653614044, -0.22003084421157837, 0.7346773147583008, -0.540521502494812, -0.5008227825164795, 0.2387312948703766, -0.5504768490791321, 0.344818115234375, -0.13807561993598938, -0.04944157600402832, 0.33331236243247986, -0.43103861808776855, -0.4032239317893982, -0.24065618216991425, -0.1961919665336609, -0.03529481589794159, 0.48526811599731445, 0.07737544178962708, -0.3084101974964142, 0.10320035368204117, -0.06272870302200317, 0.04210782051086426, 0.15582770109176636, 0.07425586879253387, -0.1735595315694809, 0.043251216411590576, 0.2698594927787781, -0.03281788527965546, -0.135604590177536, -0.208669513463974, -0.010447859764099121, -0.4783560633659363, -0.1177445650100708, -0.22024008631706238, 0.17892012000083923, 0.07957059144973755, 0.6287736892700195, 0.3479894995689392, 0.3228676915168762, -0.36543333530426025, -0.049388475716114044, 0.16191449761390686, -0.028064072132110596]"
cdf049da-ad12-4fbd-a3fc-780385556c0e,American Oil Refiners Set For A Blowout Year,29,"미국 석유 정제업체들은 수요가 공급을 앞선 채 계속해서 높은 이익을 올릴 것으로 전망되며, 유가 상승과 유럽의 가스 부족으로 인해 미국 정제업체들은 이익을 더욱 높일 것으로 예상된다.",0.8,https://oilprice.com/Energy/Crude-Oil/American-Oil-Refiners-Set-For-A-Blowout-Year.html,"Apr 27, 2022 at 13:57",,"[17.387157440185547, -1.316406011581421, 1.124049186706543, 1.5506365299224854, 0.7485994696617126, -0.47226059436798096, 0.6269843578338623, -0.6444813013076782, 0.11682121455669403, 0.30119699239730835, 0.9866365194320679, 0.6010412573814392, -0.18843461573123932, -0.36468249559402466, -0.6332454681396484, 1.006737232208252, 0.05254089832305908, -0.0888051837682724, -0.00927753746509552, -0.0785563737154007, 0.11608682572841644, 0.7618571519851685, 0.15410460531711578, -0.4143211841583252, 0.27422159910202026, -0.369601309299469, 0.1877603679895401, -0.19425082206726074, -0.173185333609581, 0.036328911781311035, 0.22901980578899384, -0.295086532831192, 0.03999779373407364, 0.27362608909606934, -0.05454342067241669, -0.15025395154953003, 0.29977595806121826, -0.03998833894729614, 0.3358737826347351, 0.04612990468740463, 0.21214069426059723, -0.2625822126865387, -0.18017467856407166, -0.45600563287734985, -0.07836877554655075, -0.05716833472251892, -0.05658939480781555, -0.1198902428150177, -0.006243199110031128, 0.2833482027053833, 0.05867999792098999, -0.3697879910469055, 0.027870409190654755, -0.17968018352985382, 0.149854838848114, 0.3606356978416443, -0.15388381481170654, -0.24377068877220154, 0.27996397018432617, -0.05141283571720123, -0.03650231659412384, -0.24950942397117615, -0.012452706694602966, -0.1555594503879547]"
831f1784-f539-48cb-b86b-9c32d950dcc8,The Best 2 Stocks To Hold As Oil Prices Explode,29,"팬데믹으로 인한 경제 회복 속에서 이미 호황을 누리던 원유 시장이 OPEC의 합의로 더욱 안정화되며 월스트리트의 최고 상품으로 떠오르고 있음. 원유 수요가 예상을 뛰어넘어 급증하고 있으며, 2022년까지 공급 부족이 예상되어 있음.",0.8,https://oilprice.com/Energy/Crude-Oil/The-Best-2-Stocks-To-Hold-As-Oil-Prices-Explode.html,"Jul 15, 2021 at 16:38",,"[17.28148651123047, -2.2847001552581787, 0.5148229598999023, 1.1748212575912476, -1.237236499786377, 0.029865682125091553, 0.8437806367874146, -0.15725743770599365, -0.624813437461853, -0.01721099019050598, 0.010523267090320587, 0.2804495692253113, -0.3316824734210968, 0.5545628666877747, 0.6214103698730469, -0.3592604994773865, 0.1288733184337616, -0.2133478820323944, 0.31160157918930054, -0.32871896028518677, -0.0721723735332489, 0.6684126853942871, -0.3562312126159668, -0.004732787609100342, 0.2798548936843872, 0.10380715131759644, -0.34269729256629944, 0.024716928601264954, 0.3464665114879608, 0.0002815127372741699, -0.4628240168094635, -0.011039555072784424, 0.10935217142105103, 0.5631265640258789, -0.09017530083656311, 0.16054770350456238, 0.2821096181869507, -0.3292430639266968, -0.07369402050971985, -0.14402234554290771, 0.31473034620285034, -0.10940858721733093, 0.10551410913467407, 0.1509993076324463, -0.02377408742904663, -0.18238943815231323, -0.23029085993766785, -0.3306058347225189, 0.02086392045021057, 0.13305194675922394, -0.2536582350730896, 0.2213919311761856, 0.23123344779014587, -0.32029199600219727, -0.038778990507125854, -0.17370370030403137, -0.09093925356864929, 0.041047096252441406, 0.02331596612930298, 0.010646313428878784, 0.2420724481344223, -0.3183305561542511, 0.07188855111598969, 0.09765841066837311]"
5e5c060b-98fb-4804-bc39-8445af74f96b,"IEA Backpedals, Says Oil Demand Will Soon Reach Pre-Crisis Levels",29,"국제 에너지 기구(IEA)는 석유 수요가 예상보다 빠르게 회복되고, 추가적인 생산량이 공급되지 않으면 석유 가격이 상승할 것으로 전망했다. 미국, 유럽, 중국 등에서 강한 석유 수요가 복원될 것으로 예상되며, 세계 석유 수요는 1년 내에 2019년 수준으로 회복될 것으로 전망된다.",0.8,https://oilprice.com/Energy/Crude-Oil/IEA-Backpeddles-Says-Oil-Demand-Will-Soon-Reach-Pre-Crisis-Levels.html,"Jun 01, 2021 at 12:08",,"[17.119646072387695, -1.2040271759033203, 2.3568203449249268, 1.7755612134933472, 1.7203969955444336, 0.2812643349170685, 1.8101812601089478, 0.15060922503471375, -0.9878100752830505, 0.13166862726211548, -0.08744277060031891, 0.018924623727798462, -0.3170003890991211, 0.7459615468978882, 0.5977290272712708, -0.3458825647830963, 0.10171078145503998, -0.20153328776359558, -0.2706425189971924, 0.815359354019165, 0.42624637484550476, -0.07748660445213318, 0.22200091183185577, -0.14179638028144836, 0.17915716767311096, -0.1296083629131317, 0.17182821035385132, 0.07896683365106583, -0.13567660748958588, 0.09770035743713379, 0.034519121050834656, -0.20935046672821045, -0.18737085163593292, -0.11245571076869965, 0.0343727171421051, 0.04929402470588684, 0.44377607107162476, 0.000989183783531189, 0.19716840982437134, 0.5068787932395935, 0.11078797280788422, -0.27535268664360046, -0.06778621673583984, 0.17325979471206665, -0.003769323229789734, -0.23203393816947937, 0.37145134806632996, 0.3447120487689972, 0.02546079456806183, 0.059009745717048645, -0.034819260239601135, -0.050650328397750854, -0.005070342682301998, 0.05711671710014343, 0.06256398558616638, 0.14439640939235687, -0.06172776222229004, -0.1184525191783905, -0.021487653255462646, 0.06845352053642273, -0.1286069005727768, 0.1572878658771515, 0.1034662127494812, 0.04640918970108032]"
56257a3f-10ce-41c4-bb22-9cb7b6016bf5,Was This The Best Energy Trade Of The Decade?,29,"지난 달 웨스트 텍사스 중질유(WTI)가 영하로 떨어지면서 세계를 놀라게 한 에너지 거래가 있었는데, 이로 BB Energy는 영국 회사로서 유가 하락에 대해 이익을 취했다.",0.8,https://oilprice.com/Energy/Crude-Oil/Was-This-The-Best-Energy-Trade-Of-The-Decade.html,"May 18, 2020 at 13:44",,"[17.301761627197266, -0.8853974342346191, 0.24454951286315918, 1.0507886409759521, 1.7244305610656738, -0.9577140212059021, 0.04103170335292816, -0.43858271837234497, 0.02685275673866272, -0.419709175825119, -1.0180187225341797, -0.588615894317627, -0.040833085775375366, -0.3131256401538849, -0.9006365537643433, 0.2702089250087738, -0.4709688127040863, -0.11516307294368744, 0.5231043696403503, 0.5107629895210266, -0.12453828752040863, -0.5068567395210266, -0.1624806523323059, -0.09215390682220459, 0.3020824193954468, -0.2709799110889435, 0.11147996038198471, 0.2996087074279785, -0.5363216400146484, -0.390342116355896, 0.05932953953742981, -0.3704652190208435, -0.2961057126522064, 0.1123163104057312, 0.23558573424816132, 0.431832492351532, -0.04263313114643097, -0.12044621258974075, 0.3862251043319702, 0.2527015507221222, 0.34616148471832275, 0.22279107570648193, -0.19606581330299377, 0.20874077081680298, -0.08529030531644821, 0.06482987105846405, 0.11744065582752228, 0.3467724323272705, 0.2760944068431854, -0.08223192393779755, -0.04917608201503754, 0.551236629486084, 0.07695706188678741, -0.16881774365901947, 0.43679481744766235, 0.1414344161748886, 0.22373269498348236, -0.36874622106552124, -0.20255738496780396, 0.10948070883750916, -0.248505100607872, 0.3217805027961731, 0.450405091047287, -0.14383187890052795]"
